source,station,period_start,period_end,albedo_mean,albedo_coverage_pct
HLS,Pastos limpios,2021-01-01,2021-01-09,0.1453095024932581,99.82205471792155
HLS,Palma,2021-01-01,2021-01-09,0.1521912510702886,99.84364301676337
HLS,Bananera,2021-01-01,2021-01-09,0.15942681664402994,99.82011776108571
HLS,Manglar,2021-01-01,2021-01-09,0.1419705285030778,99.02027247771824
HLS,Bosque seco,2021-01-01,2021-01-09,0.14334359273708033,99.81994039772884
S2,Pastos limpios,2021-01-01,2021-01-09,0.1579225705977082,99.30446564787574
S2,Palma,2021-01-01,2021-01-09,0.18876939677166485,99.30422502237963
S2,Bananera,2021-01-01,2021-01-09,0.19926508397181897,99.28874005455988
S2,Manglar,2021-01-01,2021-01-09,0.17570004429766975,99.30135845474761
S2,Bosque seco,2021-01-01,2021-01-09,0.15342222428464414,99.30332326371534
HLS,Pastos limpios,2021-01-09,2021-01-17,0.17245259547447414,95.06098151471153
HLS,Palma,2021-01-09,2021-01-17,0.15374966246154828,99.84364301677358
HLS,Bananera,2021-01-09,2021-01-17,0.16219439079260836,99.82011776104834
HLS,Manglar,2021-01-09,2021-01-17,0.14242132780280176,30.562631886583258
HLS,Bosque seco,2021-01-09,2021-01-17,0.13858077616612632,99.81994039772884
S2,Pastos limpios,2021-01-09,2021-01-17,0.22530395138846976,99.30446564784161
S2,Palma,2021-01-09,2021-01-17,0.16115312749461658,99.30422502238977
S2,Bananera,2021-01-09,2021-01-17,0.18399746773360473,99.28874005452272
S2,Manglar,2021-01-09,2021-01-17,0.21660294757160029,98.43456680101511
S2,Bosque seco,2021-01-09,2021-01-17,0.16052339904762458,99.30332326371534
HLS,Pastos limpios,2021-01-17,2021-01-25,0.1546979772550933,99.82205471792155
HLS,Palma,2021-01-17,2021-01-25,0.15043920514678333,99.84364301676337
HLS,Bananera,2021-01-17,2021-01-25,0.159064293191732,99.82011776108571
HLS,Manglar,2021-01-17,2021-01-25,0.14365082828698686,99.02027247771824
HLS,Bosque seco,2021-01-17,2021-01-25,0.14380157099013988,99.81994039772884
S2,Pastos limpios,2021-01-17,2021-01-25,0.16929403944423926,99.30446564787574
S2,Palma,2021-01-17,2021-01-25,0.16540634017369307,99.30422502237963
S2,Bananera,2021-01-17,2021-01-25,0.18172862515792906,99.28874005455988
S2,Manglar,2021-01-17,2021-01-25,0.15534776004075498,99.30135845474761
S2,Bosque seco,2021-01-17,2021-01-25,0.15436730692710715,99.30332326371534
HLS,Pastos limpios,2021-01-25,2021-02-02,0.1593819120488342,99.82205471792155
HLS,Palma,2021-01-25,2021-02-02,0.14188025612103825,99.84364301676337
HLS,Bananera,2021-01-25,2021-02-02,0.15355980545042133,99.82011776108571
HLS,Manglar,2021-01-25,2021-02-02,0.14637518006371839,99.02027247771824
HLS,Bosque seco,2021-01-25,2021-02-02,0.1455210463448863,99.81994039772884
S2,Pastos limpios,2021-01-25,2021-02-02,0.1798096265656954,99.30446564787574
S2,Palma,2021-01-25,2021-02-02,0.16970123650618896,99.30422502237963
S2,Bananera,2021-01-25,2021-02-02,0.1845320116365226,99.28874005455988
S2,Manglar,2021-01-25,2021-02-02,0.1595927765197803,99.30135845474761
S2,Bosque seco,2021-01-25,2021-02-02,0.1604164693341562,99.30332326371534
HLS,Pastos limpios,2021-02-02,2021-02-10,0.16376093144166354,99.82205471788723
HLS,Palma,2021-02-02,2021-02-10,0.15117074149371035,99.84364301677358
HLS,Bananera,2021-02-02,2021-02-10,0.1500056798671306,99.82011776104834
HLS,Manglar,2021-02-02,2021-02-10,0.14832821359075848,99.02027247771824
HLS,Bosque seco,2021-02-02,2021-02-10,0.1480305342080095,99.81994039772884
S2,Pastos limpios,2021-02-02,2021-02-10,0.18173772711565767,99.30446564784161
S2,Palma,2021-02-02,2021-02-10,0.16809872584410995,99.30422502238977
S2,Bananera,2021-02-02,2021-02-10,0.1728631944604121,99.28874005452272
S2,Manglar,2021-02-02,2021-02-10,0.16236391106657433,99.30135845474761
S2,Bosque seco,2021-02-02,2021-02-10,0.16054630154961846,99.30332326371534
HLS,Pastos limpios,2021-02-10,2021-02-18,0.16912644514864944,99.82205471788723
HLS,Palma,2021-02-10,2021-02-18,0.15303251468060716,99.84364301677358
HLS,Bananera,2021-02-10,2021-02-18,0.15747484383098811,99.82011776104834
HLS,Manglar,2021-02-10,2021-02-18,0.14969619069312073,99.02027247771824
HLS,Bosque seco,2021-02-10,2021-02-18,0.15060987777019774,99.81994039772884
S2,Pastos limpios,2021-02-10,2021-02-18,0.19453389885339414,99.30446564784161
S2,Palma,2021-02-10,2021-02-18,0.17370501332116417,99.30422502238977
S2,Bananera,2021-02-10,2021-02-18,0.18496889741331166,99.28874005452272
S2,Manglar,2021-02-10,2021-02-18,0.16482836707923057,99.30135845474761
S2,Bosque seco,2021-02-10,2021-02-18,0.17467423915359723,99.30332326371534
HLS,Pastos limpios,2021-02-18,2021-02-26,0.17469993827526414,99.82205471792155
HLS,Palma,2021-02-18,2021-02-26,0.1594717157464789,99.84364301676337
HLS,Bananera,2021-02-18,2021-02-26,0.16030652301473902,99.82011776108571
HLS,Manglar,2021-02-18,2021-02-26,0.15589308832094054,99.02027247771824
HLS,Bosque seco,2021-02-18,2021-02-26,0.15471009995411372,99.81994039772884
S2,Pastos limpios,2021-02-18,2021-02-26,0.19275117090147995,99.30446564787574
S2,Palma,2021-02-18,2021-02-26,0.1773097743268858,99.30422502237963
S2,Bananera,2021-02-18,2021-02-26,0.18406153817737916,99.28874005455988
S2,Manglar,2021-02-18,2021-02-26,0.1690959065717797,99.30135845474761
S2,Bosque seco,2021-02-18,2021-02-26,0.1701323374131418,99.30332326371534
HLS,Pastos limpios,2021-02-26,2021-03-06,0.17829050783222153,99.82205471788723
HLS,Palma,2021-02-26,2021-03-06,0.15910644816398933,99.84364301677358
HLS,Bananera,2021-02-26,2021-03-06,0.15659975133246504,99.82011776104834
HLS,Manglar,2021-02-26,2021-03-06,0.1548324670618991,99.02027247771824
HLS,Bosque seco,2021-02-26,2021-03-06,0.15665850705340337,99.81994039772884
S2,Pastos limpios,2021-02-26,2021-03-06,0.20062626261538902,99.30446564784161
S2,Palma,2021-02-26,2021-03-06,0.1821191336205089,99.30422502238977
S2,Bananera,2021-02-26,2021-03-06,0.1897696434647368,99.28874005452272
S2,Manglar,2021-02-26,2021-03-06,0.17234119720004532,99.30135845474761
S2,Bosque seco,2021-02-26,2021-03-06,0.1776098153638748,99.30332326371534
HLS,Pastos limpios,2021-03-14,2021-03-22,0.1859097223320536,99.82205471788723
HLS,Palma,2021-03-14,2021-03-22,0.16829062394259822,99.84364301677358
HLS,Bananera,2021-03-14,2021-03-22,0.1674159622321396,99.82011776104834
HLS,Manglar,2021-03-14,2021-03-22,0.16446339493512632,99.02027247771824
HLS,Bosque seco,2021-03-14,2021-03-22,0.14332787588384918,99.81994039772884
S2,Pastos limpios,2021-03-14,2021-03-22,0.21336265646268177,99.30446564784161
S2,Palma,2021-03-14,2021-03-22,0.18814006209772197,99.30422502238977
S2,Bananera,2021-03-14,2021-03-22,0.207823086800186,99.28874005452272
S2,Manglar,2021-03-14,2021-03-22,0.1909174958652557,99.30135845474761
S2,Bosque seco,2021-03-14,2021-03-22,0.19060345783422716,99.30332326371534
HLS,Pastos limpios,2021-03-22,2021-03-30,0.19071934870959836,99.82205471792155
HLS,Palma,2021-03-22,2021-03-30,0.16574509669295007,99.84364301676337
HLS,Bananera,2021-03-22,2021-03-30,0.1782227234388757,99.82011776108571
HLS,Manglar,2021-03-22,2021-03-30,0.1708323676319215,99.02027247771824
HLS,Bosque seco,2021-03-22,2021-03-30,0.161819046894533,99.81994039772884
S2,Pastos limpios,2021-03-22,2021-03-30,0.21697628997766175,99.30446564787574
S2,Palma,2021-03-22,2021-03-30,0.208507918368471,99.30422502237963
S2,Bananera,2021-03-22,2021-03-30,0.20804803002625363,99.28874005455988
S2,Manglar,2021-03-22,2021-03-30,0.18684097807367195,99.30135845474761
S2,Bosque seco,2021-03-22,2021-03-30,0.16901310602159947,99.30332326371534
HLS,Pastos limpios,2021-04-07,2021-04-15,0.18833427124569876,0.5925287166574701
HLS,Palma,2021-04-07,2021-04-15,0.18039169873981054,15.192279190167998
HLS,Bananera,2021-04-07,2021-04-15,0.178813340751825,99.82011776108571
HLS,Manglar,2021-04-07,2021-04-15,0.13561293095225616,99.02027247771824
HLS,Bosque seco,2021-04-07,2021-04-15,0.17109753070390213,99.81994039772884
S2,Pastos limpios,2021-04-07,2021-04-15,0.20940287745921904,64.05981624308488
S2,Palma,2021-04-07,2021-04-15,0.20019373727409068,82.52089049828545
S2,Bananera,2021-04-07,2021-04-15,0.20145130147752494,99.28874005455988
S2,Manglar,2021-04-07,2021-04-15,0.14031822811683273,99.30135845474761
S2,Bosque seco,2021-04-07,2021-04-15,0.18050717418952167,99.30332326371534
HLS,Pastos limpios,2021-04-23,2021-05-01,0.1662207867178914,99.82205471788723
HLS,Palma,2021-04-23,2021-05-01,0.17288414132696425,99.84364301677358
HLS,Bananera,2021-04-23,2021-05-01,0.17737868495049255,99.82011776104834
HLS,Manglar,2021-04-23,2021-05-01,0.11630323300812591,99.02027247771824
HLS,Bosque seco,2021-04-23,2021-05-01,0.17643232952503504,99.81994039772884
S2,Pastos limpios,2021-04-23,2021-05-01,0.1852719661428723,99.30446564784161
S2,Palma,2021-04-23,2021-05-01,0.19252571084524828,99.30422502238977
S2,Bananera,2021-04-23,2021-05-01,0.20328123081147526,99.28874005452272
S2,Manglar,2021-04-23,2021-05-01,0.12105104553175036,99.30135845474761
S2,Bosque seco,2021-04-23,2021-05-01,0.2306862430038941,99.30332326371534
HLS,Pastos limpios,2021-05-01,2021-05-09,0.17268931858828646,99.82205471792155
HLS,Palma,2021-05-01,2021-05-09,0.19127615184000676,97.3544258158201
HLS,Bananera,2021-05-01,2021-05-09,0.18657918894991798,43.11073396260399
HLS,Manglar,2021-05-01,2021-05-09,0.12872579886991603,99.02027247771824
HLS,Bosque seco,2021-05-01,2021-05-09,0.17538392268556677,99.41024957304303
S2,Pastos limpios,2021-05-01,2021-05-09,0.18830121797783597,99.30446564787574
S2,Palma,2021-05-01,2021-05-09,0.21536109715966753,99.30422502237963
S2,Bananera,2021-05-01,2021-05-09,0.22057449713508256,99.28874005455988
S2,Manglar,2021-05-01,2021-05-09,0.13929150356645803,99.30135845474761
S2,Bosque seco,2021-05-01,2021-05-09,0.19083722768579509,92.20200538552052
HLS,Pastos limpios,2021-05-09,2021-05-17,,0.0
HLS,Palma,2021-05-09,2021-05-17,0.18241336309894157,45.42281652043249
HLS,Bananera,2021-05-09,2021-05-17,0.1946856011076079,15.98044782560486
HLS,Manglar,2021-05-09,2021-05-17,0.13748452027860256,99.02027247771824
HLS,Bosque seco,2021-05-09,2021-05-17,0.17559885131972583,99.81994039772884
S2,Pastos limpios,2021-05-09,2021-05-17,0.20567115999400623,47.57105454756015
S2,Palma,2021-05-09,2021-05-17,0.18278437438303954,96.32001715388829
S2,Bananera,2021-05-09,2021-05-17,0.22006088895248016,71.926902221575
S2,Manglar,2021-05-09,2021-05-17,0.14740218617705314,99.30135845474761
S2,Bosque seco,2021-05-09,2021-05-17,0.1928012916393029,99.30332326371534
HLS,Pastos limpios,2021-06-10,2021-06-18,0.16224717661994179,81.52915863689951
HLS,Palma,2021-06-10,2021-06-18,0.1889838538940715,7.589758261394386
HLS,Bananera,2021-06-10,2021-06-18,0.1958361873327592,89.3849556556647
HLS,Manglar,2021-06-10,2021-06-18,0.15369028542515964,99.02027247771824
HLS,Bosque seco,2021-06-10,2021-06-18,0.16771137843951897,99.81994039772884
S2,Pastos limpios,2021-06-10,2021-06-18,0.17402883710532216,98.97474754026464
S2,Palma,2021-06-10,2021-06-18,0.16758380562500844,91.76412767219162
S2,Bananera,2021-06-10,2021-06-18,0.24039900722880705,99.28874005455988
S2,Manglar,2021-06-10,2021-06-18,0.17391517452173275,99.30135845474761
S2,Bosque seco,2021-06-10,2021-06-18,0.18118840610113784,99.30332326371534
HLS,Pastos limpios,2021-06-18,2021-06-26,0.15839201227410346,57.500720358566376
HLS,Palma,2021-06-18,2021-06-26,,0.0
HLS,Bananera,2021-06-18,2021-06-26,,0.0
HLS,Manglar,2021-06-18,2021-06-26,0.16564681211915316,99.02027247771824
HLS,Bosque seco,2021-06-18,2021-06-26,0.16151099790419934,99.81994039772884
S2,Pastos limpios,2021-06-18,2021-06-26,,0.0
S2,Palma,2021-06-18,2021-06-26,0.2809803194489083,15.631254472757032
S2,Bananera,2021-06-18,2021-06-26,,0.0
S2,Manglar,2021-06-18,2021-06-26,0.20321780376240645,99.30135845474761
S2,Bosque seco,2021-06-18,2021-06-26,0.2485507081670077,6.48510619490553
HLS,Pastos limpios,2021-06-26,2021-07-04,0.15810329942507723,9.207381437266546
HLS,Palma,2021-06-26,2021-07-04,0.16984265617814018,99.84364301676337
HLS,Bananera,2021-06-26,2021-07-04,0.17174971067958417,99.82011776108571
HLS,Manglar,2021-06-26,2021-07-04,0.16153024152754347,99.02027247771824
HLS,Bosque seco,2021-06-26,2021-07-04,0.16656296596054748,99.81994039772884
S2,Pastos limpios,2021-06-26,2021-07-04,0.15269398496356637,88.73356671764293
S2,Palma,2021-06-26,2021-07-04,0.18257828970128145,99.30422502237963
S2,Bananera,2021-06-26,2021-07-04,0.1907733609050022,99.28874005455988
S2,Manglar,2021-06-26,2021-07-04,0.18300491190481422,99.30135845474761
S2,Bosque seco,2021-06-26,2021-07-04,0.20020786809784966,99.30332326371534
HLS,Pastos limpios,2021-07-04,2021-07-12,0.1552631571162585,92.87873298041436
HLS,Palma,2021-07-04,2021-07-12,0.18290015680201244,97.69328100974234
HLS,Bananera,2021-07-04,2021-07-12,0.17814717725005125,56.945486085474265
HLS,Manglar,2021-07-04,2021-07-12,0.16566642457595107,99.02027247771824
HLS,Bosque seco,2021-07-04,2021-07-12,0.16290898995978545,99.81994039772884
S2,Pastos limpios,2021-07-04,2021-07-12,0.17158375796952507,99.30446564784161
S2,Palma,2021-07-04,2021-07-12,0.2281000386052712,85.38452380389677
S2,Bananera,2021-07-04,2021-07-12,0.15012065834792654,23.026640283082607
S2,Manglar,2021-07-04,2021-07-12,0.1917169221194576,99.30135845474761
S2,Bosque seco,2021-07-04,2021-07-12,0.15368594939024957,86.45237206654541
HLS,Pastos limpios,2021-07-12,2021-07-20,0.1574681103569624,99.69841196191469
HLS,Palma,2021-07-12,2021-07-20,0.17561437577226555,99.84364301676337
HLS,Bananera,2021-07-12,2021-07-20,0.18039953490608077,99.82011776108571
HLS,Manglar,2021-07-12,2021-07-20,0.17082192653765443,82.25733756900453
HLS,Bosque seco,2021-07-12,2021-07-20,0.16853751260014932,99.81994039772884
S2,Pastos limpios,2021-07-12,2021-07-20,0.16931214414766413,99.30446564787574
S2,Palma,2021-07-12,2021-07-20,0.1868295107583849,99.30422502237963
S2,Bananera,2021-07-12,2021-07-20,0.19831896552809833,99.28874005455988
S2,Manglar,2021-07-12,2021-07-20,0.1932688614298133,99.30135845474761
S2,Bosque seco,2021-07-12,2021-07-20,0.1808788579243176,99.30332326371534
HLS,Pastos limpios,2021-07-20,2021-07-28,0.16202444621031437,99.82205471788723
HLS,Palma,2021-07-20,2021-07-28,0.1729988815797768,99.84364301677358
HLS,Bananera,2021-07-20,2021-07-28,0.17177241541913393,99.82011776104834
HLS,Manglar,2021-07-20,2021-07-28,0.16729359083478584,99.02027247771824
HLS,Bosque seco,2021-07-20,2021-07-28,0.16689136373387203,99.81994039772884
S2,Pastos limpios,2021-07-20,2021-07-28,0.17748136253375413,99.30446564784161
S2,Palma,2021-07-20,2021-07-28,0.19199470440761834,99.30422502238977
S2,Bananera,2021-07-20,2021-07-28,0.20227864691927203,99.28874005452272
S2,Manglar,2021-07-20,2021-07-28,0.18844078172666662,99.30135845474761
S2,Bosque seco,2021-07-20,2021-07-28,0.1827524004241622,99.30332326371534
HLS,Pastos limpios,2021-07-28,2021-08-05,0.14726819139885533,99.82205471792155
HLS,Palma,2021-07-28,2021-08-05,0.17924520226377447,99.84364301676337
HLS,Bananera,2021-07-28,2021-08-05,0.17898197797424353,99.06694204759086
HLS,Manglar,2021-07-28,2021-08-05,0.16608668676770386,99.02027247771824
HLS,Bosque seco,2021-07-28,2021-08-05,0.171131428784207,99.81994039772884
S2,Pastos limpios,2021-07-28,2021-08-05,0.1602541670768688,99.30446564787574
S2,Palma,2021-07-28,2021-08-05,0.19274043903561594,99.30422502237963
S2,Bananera,2021-07-28,2021-08-05,0.19827351032208673,99.28874005455988
S2,Manglar,2021-07-28,2021-08-05,0.18236474166586433,99.30135845474761
S2,Bosque seco,2021-07-28,2021-08-05,0.1827861477008387,99.30332326371534
HLS,Pastos limpios,2021-08-05,2021-08-13,0.15136586682401276,97.36523778880392
HLS,Palma,2021-08-05,2021-08-13,0.18750872510490263,77.17718958135524
HLS,Bananera,2021-08-05,2021-08-13,0.19025915392291046,40.59746335820373
HLS,Manglar,2021-08-05,2021-08-13,0.16686685056773604,99.02027247771824
HLS,Bosque seco,2021-08-05,2021-08-13,0.16839051744114,99.81994039772884
S2,Pastos limpios,2021-08-05,2021-08-13,0.16621239093263732,99.30446564784161
S2,Palma,2021-08-05,2021-08-13,0.2190843466405245,99.30422502238977
S2,Bananera,2021-08-05,2021-08-13,0.24646353714897154,79.51957799128375
S2,Manglar,2021-08-05,2021-08-13,0.18501318555761503,99.30135845474761
S2,Bosque seco,2021-08-05,2021-08-13,0.18371744258229503,99.30332326371534
HLS,Pastos limpios,2021-08-13,2021-08-21,0.1604332109594284,63.0244875549666
HLS,Palma,2021-08-13,2021-08-21,0.21464310712289866,7.33438611896099
HLS,Bananera,2021-08-13,2021-08-21,,0.0
HLS,Manglar,2021-08-13,2021-08-21,0.17488814074877226,99.02027247771824
HLS,Bosque seco,2021-08-13,2021-08-21,0.19416254469584682,90.76821448033257
S2,Pastos limpios,2021-08-13,2021-08-21,0.18882094860514628,98.89910244737875
S2,Palma,2021-08-13,2021-08-21,0.2333910444213008,83.8329234219396
S2,Bananera,2021-08-13,2021-08-21,0.22791703800091143,20.754710030508946
S2,Manglar,2021-08-13,2021-08-21,0.19360562519853416,99.30135845474761
S2,Bosque seco,2021-08-13,2021-08-21,0.21505058682474132,99.30332326371534
HLS,Pastos limpios,2021-09-06,2021-09-14,,0.0
HLS,Palma,2021-09-06,2021-09-14,,0.0
HLS,Bananera,2021-09-06,2021-09-14,,0.0
HLS,Manglar,2021-09-06,2021-09-14,0.17744656017942032,99.02027247771824
HLS,Bosque seco,2021-09-06,2021-09-14,,0.0
S2,Pastos limpios,2021-09-06,2021-09-14,0.16970028689310546,15.819930922744337
S2,Palma,2021-09-06,2021-09-14,0.1933400625432322,12.200194614509128
S2,Bananera,2021-09-06,2021-09-14,0.1913472460698083,7.617705768840831
S2,Manglar,2021-09-06,2021-09-14,0.20854785890328736,99.30135845474761
S2,Bosque seco,2021-09-06,2021-09-14,0.12274014898523701,0.4198634810503218
HLS,Pastos limpios,2021-09-14,2021-09-22,,0.0
HLS,Palma,2021-09-14,2021-09-22,,0.0
HLS,Bananera,2021-09-14,2021-09-22,,0.0
HLS,Manglar,2021-09-14,2021-09-22,0.18369085541753538,99.02027247771824
HLS,Bosque seco,2021-09-14,2021-09-22,,0.0
S2,Pastos limpios,2021-09-14,2021-09-22,0.16411070289790836,61.45624488205482
S2,Palma,2021-09-14,2021-09-22,,0.0
S2,Bananera,2021-09-14,2021-09-22,0.22114817470611522,77.16062883434391
S2,Manglar,2021-09-14,2021-09-22,0.20906472506695042,99.30135845474761
S2,Bosque seco,2021-09-14,2021-09-22,0.20580308808361936,99.30332326371534
HLS,Pastos limpios,2021-09-22,2021-09-30,0.13705210828475506,98.18417604488128
HLS,Palma,2021-09-22,2021-09-30,0.1735043381768272,86.28785720500788
HLS,Bananera,2021-09-22,2021-09-30,0.18952516214460938,10.865600142190177
HLS,Manglar,2021-09-22,2021-09-30,0.1705141205367361,99.02027247771824
HLS,Bosque seco,2021-09-22,2021-09-30,0.16698668551506127,99.81994039772884
S2,Pastos limpios,2021-09-22,2021-09-30,0.15023421267871004,99.30446564787574
S2,Palma,2021-09-22,2021-09-30,0.1891264731736112,96.39209107485628
S2,Bananera,2021-09-22,2021-09-30,0.19788405594790331,66.75015168652781
S2,Manglar,2021-09-22,2021-09-30,0.19175167725862322,99.30135845474761
S2,Bosque seco,2021-09-22,2021-09-30,0.18035861017499757,99.30332326371534
HLS,Pastos limpios,2021-09-30,2021-10-08,,0.0
HLS,Palma,2021-09-30,2021-10-08,0.20135900798823841,66.03983178162008
HLS,Bananera,2021-09-30,2021-10-08,,0.0
HLS,Manglar,2021-09-30,2021-10-08,0.18371746259680333,24.01841080190786
HLS,Bosque seco,2021-09-30,2021-10-08,0.17272452452718987,99.7572814313756
S2,Pastos limpios,2021-09-30,2021-10-08,,0.0
S2,Palma,2021-09-30,2021-10-08,0.22116744196346097,99.30422502237963
S2,Bananera,2021-09-30,2021-10-08,0.19907968198639128,51.66018338462277
S2,Manglar,2021-09-30,2021-10-08,0.21753199375327228,78.65670574818937
S2,Bosque seco,2021-09-30,2021-10-08,0.19100723808010295,99.30332326371534
HLS,Pastos limpios,2021-10-24,2021-11-01,0.13222565883613185,99.82205471788723
HLS,Palma,2021-10-24,2021-11-01,0.16201256936502906,99.84364301677358
HLS,Bananera,2021-10-24,2021-11-01,0.1671196256073587,99.82011776104834
HLS,Manglar,2021-10-24,2021-11-01,0.16300581059110356,99.02027247771824
HLS,Bosque seco,2021-10-24,2021-11-01,0.16331606519624695,99.81994039772884
S2,Pastos limpios,2021-10-24,2021-11-01,0.13679566334642138,84.28447038832368
S2,Palma,2021-10-24,2021-11-01,0.17779065422227805,2.008514760608841
S2,Bananera,2021-10-24,2021-11-01,,0.0
S2,Manglar,2021-10-24,2021-11-01,0.18435967754987953,99.30135845474761
S2,Bosque seco,2021-10-24,2021-11-01,0.18721013322868624,99.30332326371534
HLS,Pastos limpios,2021-11-09,2021-11-17,0.14642805119512353,98.07499756310698
HLS,Palma,2021-11-09,2021-11-17,0.14997017737258464,21.60497495682497
HLS,Bananera,2021-11-09,2021-11-17,,0.0
HLS,Manglar,2021-11-09,2021-11-17,0.15625653207979848,99.02027247771824
HLS,Bosque seco,2021-11-09,2021-11-17,,0.0
S2,Pastos limpios,2021-11-09,2021-11-17,0.16063835702537912,99.30446564784161
S2,Palma,2021-11-09,2021-11-17,0.17527661209924503,99.30422502238977
S2,Bananera,2021-11-09,2021-11-17,0.19178340212257608,99.28874005452272
S2,Manglar,2021-11-09,2021-11-17,0.16949720822974665,99.30135845474761
S2,Bosque seco,2021-11-09,2021-11-17,0.21787030954123474,95.27391734033243
HLS,Pastos limpios,2021-11-17,2021-11-25,0.14510095940827195,99.82205471792155
HLS,Palma,2021-11-17,2021-11-25,0.1581302102856719,99.84364301676337
HLS,Bananera,2021-11-17,2021-11-25,0.1626048135675222,99.82011776108571
HLS,Manglar,2021-11-17,2021-11-25,0.1509941489095268,99.02027247771824
HLS,Bosque seco,2021-11-17,2021-11-25,0.1500157931837994,75.90674754764022
S2,Pastos limpios,2021-11-17,2021-11-25,0.16565905389445934,99.30446564787574
S2,Palma,2021-11-17,2021-11-25,0.17396571892898,99.30422502237963
S2,Bananera,2021-11-17,2021-11-25,0.18000997425302565,99.28874005455988
S2,Manglar,2021-11-17,2021-11-25,0.1669131328776331,99.30135845474761
S2,Bosque seco,2021-11-17,2021-11-25,0.1568286275639798,99.30332326371534
HLS,Pastos limpios,2021-11-25,2021-12-03,0.12787136750985498,99.82205471792155
HLS,Palma,2021-11-25,2021-12-03,0.1500198028493071,99.84364301676337
HLS,Bananera,2021-11-25,2021-12-03,0.16599797929814877,99.82011776108571
HLS,Manglar,2021-11-25,2021-12-03,0.13566826887608344,99.02027247771824
HLS,Bosque seco,2021-11-25,2021-12-03,0.1416264870233416,99.81994039772884
S2,Pastos limpios,2021-11-25,2021-12-03,0.13527133534005686,99.30446564787574
S2,Palma,2021-11-25,2021-12-03,0.15661599106233576,99.30422502237963
S2,Bananera,2021-11-25,2021-12-03,0.1806313180334945,99.28874005455988
S2,Manglar,2021-11-25,2021-12-03,0.15525906920903623,99.30135845474761
S2,Bosque seco,2021-11-25,2021-12-03,0.14642500126668231,99.30332326371534
HLS,Pastos limpios,2021-12-03,2021-12-11,0.14382808521095852,99.82205471792155
HLS,Palma,2021-12-03,2021-12-11,0.15287592797566343,99.84364301676337
HLS,Bananera,2021-12-03,2021-12-11,0.14797515844946185,99.82011776108571
HLS,Manglar,2021-12-03,2021-12-11,0.15059651448536085,99.02027247771824
HLS,Bosque seco,2021-12-03,2021-12-11,0.14066641875759414,99.81994039772884
S2,Pastos limpios,2021-12-03,2021-12-11,0.1522985274845027,99.30446564787574
S2,Palma,2021-12-03,2021-12-11,0.16318241138733847,99.30422502237963
S2,Bananera,2021-12-03,2021-12-11,0.1863468001319896,99.28874005455988
S2,Manglar,2021-12-03,2021-12-11,0.1632314707541584,99.30135845474761
S2,Bosque seco,2021-12-03,2021-12-11,0.14893693408766043,99.30332326371534
HLS,Pastos limpios,2021-12-11,2021-12-19,0.14227991089681347,99.82205471792155
HLS,Palma,2021-12-11,2021-12-19,0.15126865972050124,99.84364301676337
HLS,Bananera,2021-12-11,2021-12-19,0.16353723006090398,99.82011776108571
HLS,Manglar,2021-12-11,2021-12-19,0.14960348238464957,99.02027247771824
HLS,Bosque seco,2021-12-11,2021-12-19,0.13752064955449803,99.81994039772884
S2,Pastos limpios,2021-12-11,2021-12-19,0.1533486609813541,99.30446564787574
S2,Palma,2021-12-11,2021-12-19,0.16277359946839118,99.30422502237963
S2,Bananera,2021-12-11,2021-12-19,0.18219159409932573,99.28874005455988
S2,Manglar,2021-12-11,2021-12-19,0.16237636052775797,99.30135845474761
S2,Bosque seco,2021-12-11,2021-12-19,0.14728069583398018,99.30332326371534
HLS,Pastos limpios,2021-12-19,2021-12-27,0.14640001432242755,99.82205471792155
HLS,Palma,2021-12-19,2021-12-27,0.15216980056447857,99.84364301676337
HLS,Bananera,2021-12-19,2021-12-27,0.1630034106211025,99.82011776108571
HLS,Manglar,2021-12-19,2021-12-27,0.14912975434703254,99.02027247771824
HLS,Bosque seco,2021-12-19,2021-12-27,0.13882028822088688,99.81994039772884
S2,Pastos limpios,2021-12-19,2021-12-27,0.1605408348327097,99.30446564787574
S2,Palma,2021-12-19,2021-12-27,0.16355993039131483,99.30422502237963
S2,Bananera,2021-12-19,2021-12-27,0.19276538504052967,99.28874005455988
S2,Manglar,2021-12-19,2021-12-27,0.161891720588129,99.30135845474761
S2,Bosque seco,2021-12-19,2021-12-27,0.15263131890845072,99.30332326371534
HLS,Pastos limpios,2021-12-27,2022-01-01,0.1502178752957485,99.82205471788723
HLS,Palma,2021-12-27,2022-01-01,0.15533916494881878,99.84364301677358
HLS,Bananera,2021-12-27,2022-01-01,0.16679257447439558,99.82011776104834
HLS,Manglar,2021-12-27,2022-01-01,0.15034907537629455,99.02027247771824
HLS,Bosque seco,2021-12-27,2022-01-01,0.13732159089982482,99.81994039772884
S2,Pastos limpios,2021-12-27,2022-01-01,0.16137958942344438,99.30446564784161
S2,Palma,2021-12-27,2022-01-01,0.17050856503062006,99.30422502238977
S2,Bananera,2021-12-27,2022-01-01,0.18704107335545544,99.28874005452272
S2,Manglar,2021-12-27,2022-01-01,0.16531635915090775,99.30135845474761
S2,Bosque seco,2021-12-27,2022-01-01,0.15140787505722636,99.30332326371534
HLS,Pastos limpios,2022-01-01,2022-01-09,0.1503126911195807,99.82205471792155
HLS,Palma,2022-01-01,2022-01-09,0.15195606862434816,99.84364301676337
HLS,Bananera,2022-01-01,2022-01-09,0.16383422192570474,99.82011776108571
HLS,Manglar,2022-01-01,2022-01-09,0.14856370789312628,99.02027247771824
HLS,Bosque seco,2022-01-01,2022-01-09,0.13512215798217136,99.81994039772884
S2,Pastos limpios,2022-01-01,2022-01-09,0.16107087791895405,99.30446564787574
S2,Palma,2022-01-01,2022-01-09,0.16367075738889095,99.30422502237963
S2,Bananera,2022-01-01,2022-01-09,0.18386265749891578,99.28874005455988
S2,Manglar,2022-01-01,2022-01-09,0.16153248194259978,99.30135845474761
S2,Bosque seco,2022-01-01,2022-01-09,0.14459514273009233,99.30332326371534
HLS,Pastos limpios,2022-01-09,2022-01-17,0.15600144822455472,99.82205471788723
HLS,Palma,2022-01-09,2022-01-17,0.16335862555906333,77.17230418222309
HLS,Bananera,2022-01-09,2022-01-17,0.17486594994599458,13.569978708292478
HLS,Manglar,2022-01-09,2022-01-17,0.15257674512154998,92.61719708396458
HLS,Bosque seco,2022-01-09,2022-01-17,0.1390257506071582,99.81994039772884
S2,Pastos limpios,2022-01-09,2022-01-17,0.16716778477420396,99.30446564784161
S2,Palma,2022-01-09,2022-01-17,0.18336144643459001,95.30003792832521
S2,Bananera,2022-01-09,2022-01-17,0.20625846268142672,83.37879114995701
S2,Manglar,2022-01-09,2022-01-17,0.1691515552524158,99.30135845474761
S2,Bosque seco,2022-01-09,2022-01-17,0.14918646079057937,99.30332326371534
HLS,Pastos limpios,2022-01-17,2022-01-25,0.15893472260006403,99.82205471788723
HLS,Palma,2022-01-17,2022-01-25,0.15348528576501866,99.84364301677358
HLS,Bananera,2022-01-17,2022-01-25,0.16407407022274206,99.82011776104834
HLS,Manglar,2022-01-17,2022-01-25,0.1520665952535623,99.02027247771824
HLS,Bosque seco,2022-01-17,2022-01-25,0.1390464596000238,99.81994039772884
S2,Pastos limpios,2022-01-17,2022-01-25,0.16561854260696784,99.30446564784161
S2,Palma,2022-01-17,2022-01-25,0.16537777047249277,99.30422502238977
S2,Bananera,2022-01-17,2022-01-25,0.1848473045773857,99.28874005452272
S2,Manglar,2022-01-17,2022-01-25,0.1702015348952666,99.30135845474761
S2,Bosque seco,2022-01-17,2022-01-25,0.13808299627556095,99.30332326371534
HLS,Pastos limpios,2022-01-25,2022-02-02,0.15966399810748377,99.82205471792155
HLS,Palma,2022-01-25,2022-02-02,0.1638771354514701,99.84364301676337
HLS,Bananera,2022-01-25,2022-02-02,0.16784480204945318,99.82011776108571
HLS,Manglar,2022-01-25,2022-02-02,0.15710534644972862,99.02027247771824
HLS,Bosque seco,2022-01-25,2022-02-02,0.1434411787837863,99.81994039772884
S2,Pastos limpios,2022-01-25,2022-02-02,0.17083334402403788,99.30446564787574
S2,Palma,2022-01-25,2022-02-02,0.1705402122916526,99.30422502237963
S2,Bananera,2022-01-25,2022-02-02,0.18570240942397012,99.28874005455988
S2,Manglar,2022-01-25,2022-02-02,0.16540487576667326,99.30135845474761
S2,Bosque seco,2022-01-25,2022-02-02,0.15376363285427727,99.30332326371534
HLS,Pastos limpios,2022-02-02,2022-02-10,0.16194485432028255,99.82205471792155
HLS,Palma,2022-02-02,2022-02-10,0.1557298960981016,99.84364301676337
HLS,Bananera,2022-02-02,2022-02-10,0.1639611110759093,99.82011776108571
HLS,Manglar,2022-02-02,2022-02-10,0.15245195852286092,99.02027247771824
HLS,Bosque seco,2022-02-02,2022-02-10,0.14277913220764854,99.81994039772884
S2,Pastos limpios,2022-02-02,2022-02-10,0.1768591362397779,99.30446564787574
S2,Palma,2022-02-02,2022-02-10,0.17266419342239706,99.30422502237963
S2,Bananera,2022-02-02,2022-02-10,0.18719175591058956,99.28874005455988
S2,Manglar,2022-02-02,2022-02-10,0.16614460151099023,99.30135845474761
S2,Bosque seco,2022-02-02,2022-02-10,0.15489403370135937,99.30332326371534
HLS,Pastos limpios,2022-02-10,2022-02-18,0.16525634078217322,99.82205471792155
HLS,Palma,2022-02-10,2022-02-18,0.15943270229622591,99.84364301676337
HLS,Bananera,2022-02-10,2022-02-18,0.16298135393904092,99.82011776108571
HLS,Manglar,2022-02-10,2022-02-18,0.15746917843750863,99.02027247771824
HLS,Bosque seco,2022-02-10,2022-02-18,0.1450700112547236,99.81994039772884
S2,Pastos limpios,2022-02-10,2022-02-18,0.18560008151459095,99.30446564787574
S2,Palma,2022-02-10,2022-02-18,0.17871823702042688,99.30422502237963
S2,Bananera,2022-02-10,2022-02-18,0.18761288004622406,99.28874005455988
S2,Manglar,2022-02-10,2022-02-18,0.18142349798387633,99.30135845474761
S2,Bosque seco,2022-02-10,2022-02-18,0.15477990021908278,99.30332326371534
HLS,Pastos limpios,2022-02-18,2022-02-26,0.1676797227941359,99.82205471792155
HLS,Palma,2022-02-18,2022-02-26,0.15933901191882038,99.84364301676337
HLS,Bananera,2022-02-18,2022-02-26,0.16267927539978821,99.82011776108571
HLS,Manglar,2022-02-18,2022-02-26,0.15878895569172605,99.02027247771824
HLS,Bosque seco,2022-02-18,2022-02-26,0.14659136470803982,99.81994039772884
S2,Pastos limpios,2022-02-18,2022-02-26,0.18826531609897876,99.30446564787574
S2,Palma,2022-02-18,2022-02-26,0.1823176260133668,99.30422502237963
S2,Bananera,2022-02-18,2022-02-26,0.19096988178625432,99.28874005455988
S2,Manglar,2022-02-18,2022-02-26,0.1784857246026985,99.30135845474761
S2,Bosque seco,2022-02-18,2022-02-26,0.16288115675941367,99.30332326371534
HLS,Pastos limpios,2022-02-26,2022-03-06,0.17127716823126535,99.82205471792155
HLS,Palma,2022-02-26,2022-03-06,0.16303867986621667,99.84364301676337
HLS,Bananera,2022-02-26,2022-03-06,0.16705274061244485,99.82011776108571
HLS,Manglar,2022-02-26,2022-03-06,0.16151235976991687,99.02027247771824
HLS,Bosque seco,2022-02-26,2022-03-06,0.14405905433501442,99.81994039772884
S2,Pastos limpios,2022-02-26,2022-03-06,0.18899432313609713,99.30446564787574
S2,Palma,2022-02-26,2022-03-06,0.18348445683489942,99.30422502237963
S2,Bananera,2022-02-26,2022-03-06,0.19322826700229082,99.28874005455988
S2,Manglar,2022-02-26,2022-03-06,0.1784242453828324,99.30135845474761
S2,Bosque seco,2022-02-26,2022-03-06,0.15678514918286804,99.30332326371534
HLS,Pastos limpios,2022-03-06,2022-03-14,0.1419909018534051,99.82205471792155
HLS,Palma,2022-03-06,2022-03-14,0.1646449683245281,99.84364301676337
HLS,Bananera,2022-03-06,2022-03-14,0.16977622434620443,99.82011776108571
HLS,Manglar,2022-03-06,2022-03-14,0.16663886931393238,99.02027247771824
HLS,Bosque seco,2022-03-06,2022-03-14,0.1464194355468425,99.81994039772884
S2,Pastos limpios,2022-03-06,2022-03-14,0.18882683777297665,99.30446564787574
S2,Palma,2022-03-06,2022-03-14,0.18420285891854773,99.30422502237963
S2,Bananera,2022-03-06,2022-03-14,0.1967074159499493,99.28874005455988
S2,Manglar,2022-03-06,2022-03-14,0.18118759923744263,99.30135845474761
S2,Bosque seco,2022-03-06,2022-03-14,0.1599185918143737,99.30332326371534
HLS,Pastos limpios,2022-03-14,2022-03-22,0.15300451742104662,99.82205471788723
HLS,Palma,2022-03-14,2022-03-22,,0.0
HLS,Bananera,2022-03-14,2022-03-22,,0.0
HLS,Manglar,2022-03-14,2022-03-22,0.17103828753434247,99.02027247771824
HLS,Bosque seco,2022-03-14,2022-03-22,,0.0
S2,Pastos limpios,2022-03-14,2022-03-22,0.17364343866314333,99.30446564784161
S2,Palma,2022-03-14,2022-03-22,,0.0
S2,Bananera,2022-03-14,2022-03-22,0.23634244937606919,99.28874005452272
S2,Manglar,2022-03-14,2022-03-22,0.19405940918723283,99.30135845474761
S2,Bosque seco,2022-03-14,2022-03-22,,0.0
HLS,Pastos limpios,2022-03-22,2022-03-30,0.1706275236131748,99.82205471788723
HLS,Palma,2022-03-22,2022-03-30,0.1700719994553397,99.84364301677358
HLS,Bananera,2022-03-22,2022-03-30,0.17362034845434798,99.82011776104834
HLS,Manglar,2022-03-22,2022-03-30,0.1645089084888729,99.02027247771824
HLS,Bosque seco,2022-03-22,2022-03-30,0.17150943843370772,99.81994039772884
S2,Pastos limpios,2022-03-22,2022-03-30,0.20487937585775823,99.30446564784161
S2,Palma,2022-03-22,2022-03-30,0.1992575198269839,99.30422502238977
S2,Bananera,2022-03-22,2022-03-30,0.22452071552802197,99.28874005452272
S2,Manglar,2022-03-22,2022-03-30,0.19400118993192964,99.30135845474761
S2,Bosque seco,2022-03-22,2022-03-30,0.18017209047662064,99.30332326371534
HLS,Pastos limpios,2022-03-30,2022-04-07,,0.0
HLS,Palma,2022-03-30,2022-04-07,0.17750061559170283,99.84364301677358
HLS,Bananera,2022-03-30,2022-04-07,0.1775594664454063,99.82011776104834
HLS,Manglar,2022-03-30,2022-04-07,0.1616762112111552,99.02027247771824
HLS,Bosque seco,2022-03-30,2022-04-07,0.17138217412414286,99.81994039772884
S2,Pastos limpios,2022-03-30,2022-04-07,0.18740666487623397,99.30446564784161
S2,Palma,2022-03-30,2022-04-07,0.20912779638564521,99.30422502238977
S2,Bananera,2022-03-30,2022-04-07,0.21372097017829597,99.28874005452272
S2,Manglar,2022-03-30,2022-04-07,0.19175917467762715,99.30135845474761
S2,Bosque seco,2022-03-30,2022-04-07,0.19445226339779784,99.30332326371534
HLS,Pastos limpios,2022-04-07,2022-04-15,0.14832608725104768,99.82205471788723
HLS,Palma,2022-04-07,2022-04-15,0.16832050553519437,99.84364301677358
HLS,Bananera,2022-04-07,2022-04-15,0.17767298661121764,99.82011776104834
HLS,Manglar,2022-04-07,2022-04-15,0.1389426048333931,99.02027247771824
HLS,Bosque seco,2022-04-07,2022-04-15,0.17015277608560217,99.81994039772884
S2,Pastos limpios,2022-04-07,2022-04-15,0.16921510504165216,99.30446564784161
S2,Palma,2022-04-07,2022-04-15,0.1979689093428555,99.30422502238977
S2,Bananera,2022-04-07,2022-04-15,0.21472936459487046,99.28874005452272
S2,Manglar,2022-04-07,2022-04-15,0.1565359212674765,99.30135845474761
S2,Bosque seco,2022-04-07,2022-04-15,0.210905386140695,99.30332326371534
HLS,Pastos limpios,2022-04-15,2022-04-23,0.14065782358118736,99.82205471792155
HLS,Palma,2022-04-15,2022-04-23,,0.0
HLS,Bananera,2022-04-15,2022-04-23,0.2036715505336727,16.717503124369788
HLS,Manglar,2022-04-15,2022-04-23,,0.0
HLS,Bosque seco,2022-04-15,2022-04-23,0.1999373658737304,70.49095861388686
S2,Pastos limpios,2022-04-15,2022-04-23,0.18883485114957407,99.30446564787574
S2,Palma,2022-04-15,2022-04-23,,0.0
S2,Bananera,2022-04-15,2022-04-23,0.23879465820251639,70.48002705716878
S2,Manglar,2022-04-15,2022-04-23,0.15782305718609185,1.2306304082619979
S2,Bosque seco,2022-04-15,2022-04-23,0.23161380414995034,99.30332326371534
HLS,Pastos limpios,2022-05-01,2022-05-09,0.14218732679647972,99.82205471788723
HLS,Palma,2022-05-01,2022-05-09,0.17093976132535502,99.84364301677358
HLS,Bananera,2022-05-01,2022-05-09,0.18374451059195498,99.82011776104834
HLS,Manglar,2022-05-01,2022-05-09,0.13991367323588905,99.02027247771824
HLS,Bosque seco,2022-05-01,2022-05-09,0.17742476343479668,99.81994039772884
S2,Pastos limpios,2022-05-01,2022-05-09,0.16275122081656612,99.30446564784161
S2,Palma,2022-05-01,2022-05-09,0.18359394219926264,99.30422502238977
S2,Bananera,2022-05-01,2022-05-09,0.2118883071512294,99.28874005452272
S2,Manglar,2022-05-01,2022-05-09,0.1469856553112296,99.30135845474761
S2,Bosque seco,2022-05-01,2022-05-09,0.202238353877675,99.30332326371534
HLS,Pastos limpios,2022-05-17,2022-05-25,0.13681531806419261,99.82205471792155
HLS,Palma,2022-05-17,2022-05-25,0.16998899445753748,99.84364301676337
HLS,Bananera,2022-05-17,2022-05-25,0.17206786401616428,99.82011776108571
HLS,Manglar,2022-05-17,2022-05-25,0.14231562818178695,99.02027247771824
HLS,Bosque seco,2022-05-17,2022-05-25,0.16946851573529523,99.81994039772884
S2,Pastos limpios,2022-05-17,2022-05-25,0.1611367762747383,99.30446564787574
S2,Palma,2022-05-17,2022-05-25,0.19334701512671293,99.30422502237963
S2,Bananera,2022-05-17,2022-05-25,0.19967118091493224,99.28874005455988
S2,Manglar,2022-05-17,2022-05-25,0.16120061844101194,99.30135845474761
S2,Bosque seco,2022-05-17,2022-05-25,0.19282822480150025,99.30332326371534
HLS,Pastos limpios,2022-05-25,2022-06-02,0.14350152028180313,99.82205471788723
HLS,Palma,2022-05-25,2022-06-02,0.16536579706283727,42.46780941574464
HLS,Bananera,2022-05-25,2022-06-02,0.176523016211696,84.31983400151323
HLS,Manglar,2022-05-25,2022-06-02,0.14649662080644346,99.02027247771824
HLS,Bosque seco,2022-05-25,2022-06-02,0.1735083801793005,99.81994039772884
S2,Pastos limpios,2022-05-25,2022-06-02,0.15215307391056104,99.30446564784161
S2,Palma,2022-05-25,2022-06-02,0.1747559508108729,92.02391023480003
S2,Bananera,2022-05-25,2022-06-02,0.17929386841452669,96.15327628742052
S2,Manglar,2022-05-25,2022-06-02,0.15498280729615385,99.30135845474761
S2,Bosque seco,2022-05-25,2022-06-02,0.18614591300026487,99.30332326371534
HLS,Pastos limpios,2022-06-02,2022-06-10,0.1466612008457065,5.792007517428474
HLS,Palma,2022-06-02,2022-06-10,0.17929936280524292,99.84364301676337
HLS,Bananera,2022-06-02,2022-06-10,,0.0
HLS,Manglar,2022-06-02,2022-06-10,0.17714777614658736,40.98809419417642
HLS,Bosque seco,2022-06-02,2022-06-10,0.18160277433536734,99.81994039772884
S2,Pastos limpios,2022-06-02,2022-06-10,0.16471445722306363,92.75298644082875
S2,Palma,2022-06-02,2022-06-10,0.20264516005341873,96.39211267016404
S2,Bananera,2022-06-02,2022-06-10,0.24394783293964917,18.702819806698265
S2,Manglar,2022-06-02,2022-06-10,0.17481837198536823,95.09291740103453
S2,Bosque seco,2022-06-02,2022-06-10,0.20648682951448827,99.30332326371534
HLS,Pastos limpios,2022-06-26,2022-07-04,0.10667632072873635,99.82205471792155
HLS,Palma,2022-06-26,2022-07-04,,0.0
HLS,Bananera,2022-06-26,2022-07-04,,0.0
HLS,Manglar,2022-06-26,2022-07-04,0.13567556376709003,10.998632149966426
HLS,Bosque seco,2022-06-26,2022-07-04,0.1556886090924847,99.81994039772884
S2,Pastos limpios,2022-06-26,2022-07-04,0.10529951307654255,97.27051188545869
S2,Palma,2022-06-26,2022-07-04,0.2389544093566352,5.960584954544587
S2,Bananera,2022-06-26,2022-07-04,0.22543513990001932,69.94558745981102
S2,Manglar,2022-06-26,2022-07-04,0.2375293360646995,90.59982491542999
S2,Bosque seco,2022-06-26,2022-07-04,0.188258897542875,99.30332326371534
HLS,Pastos limpios,2022-07-04,2022-07-12,0.1257239010664099,57.81061636848646
HLS,Palma,2022-07-04,2022-07-12,0.15245968933875448,99.84364301677358
HLS,Bananera,2022-07-04,2022-07-12,0.1808226500360243,66.80261778751598
HLS,Manglar,2022-07-04,2022-07-12,0.15539088525707967,99.02027247771824
HLS,Bosque seco,2022-07-04,2022-07-12,0.1629620851731091,99.81994039772884
S2,Pastos limpios,2022-07-04,2022-07-12,0.1380997534437239,99.30446564784161
S2,Palma,2022-07-04,2022-07-12,0.19446461925752972,26.72096704264625
S2,Bananera,2022-07-04,2022-07-12,0.20412742038437084,99.28874005452272
S2,Manglar,2022-07-04,2022-07-12,0.16780092360138896,99.30135845474761
S2,Bosque seco,2022-07-04,2022-07-12,0.1839288508925734,99.30332326371534
HLS,Pastos limpios,2022-07-12,2022-07-20,0.15274682462486486,35.25921312974545
HLS,Palma,2022-07-12,2022-07-20,0.17960845547745252,71.95304274193767
HLS,Bananera,2022-07-12,2022-07-20,0.21696516399911153,14.273290262019207
HLS,Manglar,2022-07-12,2022-07-20,0.15807366392724556,99.02027247771824
HLS,Bosque seco,2022-07-12,2022-07-20,0.16543640095511614,99.81994039772884
S2,Pastos limpios,2022-07-12,2022-07-20,0.14609999588615974,99.30446564784161
S2,Palma,2022-07-12,2022-07-20,0.21368238207010076,99.30422502238977
S2,Bananera,2022-07-12,2022-07-20,0.2186478494499347,97.57220853960447
S2,Manglar,2022-07-12,2022-07-20,0.18126384437182855,99.30135845474761
S2,Bosque seco,2022-07-12,2022-07-20,0.18583993060360798,99.30332326371534
HLS,Pastos limpios,2022-08-13,2022-08-21,0.13587999245198254,99.82205471788723
HLS,Palma,2022-08-13,2022-08-21,0.18225876864729698,0.6215049970394488
HLS,Bananera,2022-08-13,2022-08-21,0.18535636687916532,55.3780415162742
HLS,Manglar,2022-08-13,2022-08-21,0.1567754195455078,99.02027247771824
HLS,Bosque seco,2022-08-13,2022-08-21,0.15701612153898356,99.81994039772884
S2,Pastos limpios,2022-08-13,2022-08-21,0.17433518322943253,99.30446564784161
S2,Palma,2022-08-13,2022-08-21,0.18395493112222902,30.28122871456164
S2,Bananera,2022-08-13,2022-08-21,0.2544027332867052,35.03816293072931
S2,Manglar,2022-08-13,2022-08-21,0.1765921742604068,76.27678537185649
S2,Bosque seco,2022-08-13,2022-08-21,0.20351771111877034,38.85489472948312
HLS,Pastos limpios,2022-08-29,2022-09-06,0.1476157779468991,55.74562707152482
HLS,Palma,2022-08-29,2022-09-06,0.19760644811763065,1.230164671606307
HLS,Bananera,2022-08-29,2022-09-06,0.1864481094667383,13.690298818816382
HLS,Manglar,2022-08-29,2022-09-06,0.17990725946620523,90.77448509222475
HLS,Bosque seco,2022-08-29,2022-09-06,0.18362459760013078,54.734518135219126
S2,Pastos limpios,2022-08-29,2022-09-06,0.17044980319582115,99.30446564784161
S2,Palma,2022-08-29,2022-09-06,0.2112274560469737,86.9448063799468
S2,Bananera,2022-08-29,2022-09-06,0.2210909340121625,81.33887352405297
S2,Manglar,2022-08-29,2022-09-06,0.20724242826513703,99.30135845474761
S2,Bosque seco,2022-08-29,2022-09-06,0.1945248403106366,97.79379528477794
HLS,Pastos limpios,2022-09-06,2022-09-14,,0.0
HLS,Palma,2022-09-06,2022-09-14,0.20551872684670922,6.033547156550107
HLS,Bananera,2022-09-06,2022-09-14,,0.0
HLS,Manglar,2022-09-06,2022-09-14,0.16892223532316195,84.7615213318512
HLS,Bosque seco,2022-09-06,2022-09-14,0.1671399747104316,99.81994039772884
S2,Pastos limpios,2022-09-06,2022-09-14,,0.0
S2,Palma,2022-09-06,2022-09-14,0.25244983651506714,55.2997359400682
S2,Bananera,2022-09-06,2022-09-14,0.18723383784315592,0.5802652520975903
S2,Manglar,2022-09-06,2022-09-14,0.19917646023830418,99.30135845474761
S2,Bosque seco,2022-09-06,2022-09-14,0.1842377572302044,99.30332326371534
HLS,Pastos limpios,2022-09-14,2022-09-22,0.11277185751721526,6.944924226332365
HLS,Palma,2022-09-14,2022-09-22,,0.0
HLS,Bananera,2022-09-14,2022-09-22,0.20903856484125902,44.64748690206567
HLS,Manglar,2022-09-14,2022-09-22,0.16213987141798367,99.02027247771824
HLS,Bosque seco,2022-09-14,2022-09-22,,0.0
S2,Pastos limpios,2022-09-14,2022-09-22,0.14713206533472842,91.46620589829539
S2,Palma,2022-09-14,2022-09-22,0.20013151692506384,8.530085343837198
S2,Bananera,2022-09-14,2022-09-22,0.24711355164923843,89.96374102448753
S2,Manglar,2022-09-14,2022-09-22,0.18399966126536008,99.30135845474761
S2,Bosque seco,2022-09-14,2022-09-22,0.2179122443925885,23.30612600281338
HLS,Pastos limpios,2022-09-30,2022-10-08,0.13994002754393006,27.230475619292008
HLS,Palma,2022-09-30,2022-10-08,0.16203262396429588,80.38598795069443
HLS,Bananera,2022-09-30,2022-10-08,0.18376524137125377,60.981297572587664
HLS,Manglar,2022-09-30,2022-10-08,,0.0
HLS,Bosque seco,2022-09-30,2022-10-08,0.16038952897619374,19.721463406754292
S2,Pastos limpios,2022-09-30,2022-10-08,0.1372030163582399,99.30446564787574
S2,Palma,2022-09-30,2022-10-08,0.1865409145312109,99.30422502237963
S2,Bananera,2022-09-30,2022-10-08,0.216593544376051,99.28874005455988
S2,Manglar,2022-09-30,2022-10-08,0.2001560012324347,63.411647091214995
S2,Bosque seco,2022-09-30,2022-10-08,0.19666429705195254,98.61997412903395
HLS,Pastos limpios,2022-10-08,2022-10-16,0.13048979153298554,87.45604169351195
HLS,Palma,2022-10-08,2022-10-16,0.19388704652271943,64.44202314049397
HLS,Bananera,2022-10-08,2022-10-16,0.19766237906724127,17.051455253753627
HLS,Manglar,2022-10-08,2022-10-16,0.15363128561208142,99.02027247771824
HLS,Bosque seco,2022-10-08,2022-10-16,,0.0
S2,Pastos limpios,2022-10-08,2022-10-16,0.13186545672787123,99.30446564787574
S2,Palma,2022-10-08,2022-10-16,0.20194550329362773,93.66196984494889
S2,Bananera,2022-10-08,2022-10-16,0.19302722035247646,98.5628642894522
S2,Manglar,2022-10-08,2022-10-16,0.16785096683461373,99.30135845474761
S2,Bosque seco,2022-10-08,2022-10-16,0.1939460277361187,76.70047858287455
HLS,Pastos limpios,2022-10-16,2022-10-24,,0.0
HLS,Palma,2022-10-16,2022-10-24,,0.0
HLS,Bananera,2022-10-16,2022-10-24,,0.0
HLS,Manglar,2022-10-16,2022-10-24,0.1531437779554045,99.02027247771824
HLS,Bosque seco,2022-10-16,2022-10-24,0.17333831275745004,49.86644185959254
S2,Pastos limpios,2022-10-16,2022-10-24,0.1913548480199922,8.569090467578468
S2,Palma,2022-10-16,2022-10-24,0.19642515717102293,33.33230079461358
S2,Bananera,2022-10-16,2022-10-24,0.22457485416547304,51.44188800087163
S2,Manglar,2022-10-16,2022-10-24,0.17309585764682994,99.30135845474761
S2,Bosque seco,2022-10-16,2022-10-24,,0.0
HLS,Pastos limpios,2022-10-24,2022-11-01,0.11228693595208009,99.82205471792155
HLS,Palma,2022-10-24,2022-11-01,0.16053959665905604,99.84364301676337
HLS,Bananera,2022-10-24,2022-11-01,,0.0
HLS,Manglar,2022-10-24,2022-11-01,0.15450580211340054,62.563515223687524
HLS,Bosque seco,2022-10-24,2022-11-01,0.149722552039066,4.41985710026696
S2,Pastos limpios,2022-10-24,2022-11-01,0.13635386245565395,99.30446564787574
S2,Palma,2022-10-24,2022-11-01,0.17841964005747682,99.30422502237963
S2,Bananera,2022-10-24,2022-11-01,0.22333080337231453,6.700603664355125
S2,Manglar,2022-10-24,2022-11-01,0.17555066658110144,99.28566343554498
S2,Bosque seco,2022-10-24,2022-11-01,0.17940254285977247,79.00405979204669
HLS,Pastos limpios,2022-11-09,2022-11-17,,0.0
HLS,Palma,2022-11-09,2022-11-17,0.16671650921271644,8.297947609887599
HLS,Bananera,2022-11-09,2022-11-17,,0.0
HLS,Manglar,2022-11-09,2022-11-17,0.15021553334138593,99.02027247771824
HLS,Bosque seco,2022-11-09,2022-11-17,0.1552154850373576,56.23061508035099
S2,Pastos limpios,2022-11-09,2022-11-17,0.15197428294612153,1.0341029735845113
S2,Palma,2022-11-09,2022-11-17,0.12898657395714028,22.628146402124692
S2,Bananera,2022-11-09,2022-11-17,,0.0
S2,Manglar,2022-11-09,2022-11-17,0.16405075445518918,99.30135845474761
S2,Bosque seco,2022-11-09,2022-11-17,0.21025012507425725,99.30332326371534
HLS,Pastos limpios,2022-11-17,2022-11-25,,0.0
HLS,Palma,2022-11-17,2022-11-25,0.1764376941916402,99.84364301676337
HLS,Bananera,2022-11-17,2022-11-25,,0.0
HLS,Manglar,2022-11-17,2022-11-25,0.1511093489773461,25.312118221918528
HLS,Bosque seco,2022-11-17,2022-11-25,0.15043016405564397,99.81994039772884
S2,Pastos limpios,2022-11-17,2022-11-25,,0.0
S2,Palma,2022-11-17,2022-11-25,0.17293981613324327,87.92260973985861
S2,Bananera,2022-11-17,2022-11-25,0.21217464452160095,67.77575915964744
S2,Manglar,2022-11-17,2022-11-25,0.17348149987592723,93.25944549480764
S2,Bosque seco,2022-11-17,2022-11-25,0.16099072995842617,99.30332326371534
HLS,Pastos limpios,2022-11-25,2022-12-03,0.12662700127031365,49.7078924427195
HLS,Palma,2022-11-25,2022-12-03,0.17626585814065066,44.26007273996339
HLS,Bananera,2022-11-25,2022-12-03,0.20709737528650476,4.9638590887798095
HLS,Manglar,2022-11-25,2022-12-03,0.14975745959555892,37.2367826064256
HLS,Bosque seco,2022-11-25,2022-12-03,0.1395829003225664,83.65729752483
S2,Pastos limpios,2022-11-25,2022-12-03,0.1544107902694731,99.30446564784161
S2,Palma,2022-11-25,2022-12-03,0.23555083884938746,51.09419944701894
S2,Bananera,2022-11-25,2022-12-03,,0.0
S2,Manglar,2022-11-25,2022-12-03,,0.0
S2,Bosque seco,2022-11-25,2022-12-03,0.18522013443299065,99.30332326371534
HLS,Pastos limpios,2022-12-03,2022-12-11,0.12033640448538033,99.82205471792155
HLS,Palma,2022-12-03,2022-12-11,0.15320362455332429,99.84364301676337
HLS,Bananera,2022-12-03,2022-12-11,0.1624416328706121,99.82011776108571
HLS,Manglar,2022-12-03,2022-12-11,0.14528126412808764,99.02027247771824
HLS,Bosque seco,2022-12-03,2022-12-11,0.13973014321458457,99.81994039772884
S2,Pastos limpios,2022-12-03,2022-12-11,0.13757052113185925,99.30446564787574
S2,Palma,2022-12-03,2022-12-11,0.16336692436757722,99.30422502237963
S2,Bananera,2022-12-03,2022-12-11,0.18233716737037095,99.28874005455988
S2,Manglar,2022-12-03,2022-12-11,0.16125427779954865,99.30135845474761
S2,Bosque seco,2022-12-03,2022-12-11,0.15496776693499786,99.30332326371534
HLS,Pastos limpios,2022-12-11,2022-12-19,0.12744736151654404,99.82205471788723
HLS,Palma,2022-12-11,2022-12-19,0.15303326561248662,99.84364301677358
HLS,Bananera,2022-12-11,2022-12-19,0.16922328994136765,99.82011776104834
HLS,Manglar,2022-12-11,2022-12-19,0.15921831840307554,66.83957260304841
HLS,Bosque seco,2022-12-11,2022-12-19,0.1409028465841436,99.81994039772884
S2,Pastos limpios,2022-12-11,2022-12-19,0.1581585383235152,99.30446564784161
S2,Palma,2022-12-11,2022-12-19,0.17010897308494874,99.30422502238977
S2,Bananera,2022-12-11,2022-12-19,0.20084465841127,99.28874005452272
S2,Manglar,2022-12-11,2022-12-19,,0.0
S2,Bosque seco,2022-12-11,2022-12-19,0.1673942705976617,99.30332326371534
HLS,Pastos limpios,2022-12-19,2022-12-27,0.12926077832960708,99.82205471788723
HLS,Palma,2022-12-19,2022-12-27,0.14839460054087913,99.84364301677358
HLS,Bananera,2022-12-19,2022-12-27,0.16182574598351024,99.82011776104834
HLS,Manglar,2022-12-19,2022-12-27,0.1435363187657675,99.02027247771824
HLS,Bosque seco,2022-12-19,2022-12-27,0.13423140156500427,99.81994039772884
S2,Pastos limpios,2022-12-19,2022-12-27,0.14829278717297856,99.30446564784161
S2,Palma,2022-12-19,2022-12-27,0.16026965802207785,99.30422502238977
S2,Bananera,2022-12-19,2022-12-27,0.18203268330712788,99.28874005452272
S2,Manglar,2022-12-19,2022-12-27,0.15642813610875927,99.30135845474761
S2,Bosque seco,2022-12-19,2022-12-27,0.14412134738470936,99.30332326371534
HLS,Pastos limpios,2022-12-27,2023-01-01,0.13152444760421866,99.82205471792155
HLS,Palma,2022-12-27,2023-01-01,0.14840527854164318,99.84364301676337
HLS,Bananera,2022-12-27,2023-01-01,0.16528406544540916,99.82011776108571
HLS,Manglar,2022-12-27,2023-01-01,0.14402913948956086,99.02027247771824
HLS,Bosque seco,2022-12-27,2023-01-01,0.13436618559937544,99.81994039772884
S2,Pastos limpios,2022-12-27,2023-01-01,0.15170298186156742,99.30446564787574
S2,Palma,2022-12-27,2023-01-01,0.16082172548718376,99.30422502237963
S2,Bananera,2022-12-27,2023-01-01,0.1898928856974107,99.28874005455988
S2,Manglar,2022-12-27,2023-01-01,0.156840198413473,99.30135845474761
S2,Bosque seco,2022-12-27,2023-01-01,0.14068762472411322,99.30332326371534
HLS,Pastos limpios,2023-01-01,2023-01-09,0.13543472267018813,99.82205471792155
HLS,Palma,2023-01-01,2023-01-09,0.14966187676201503,99.84364301676337
HLS,Bananera,2023-01-01,2023-01-09,0.16552066772826549,99.82011776108571
HLS,Manglar,2023-01-01,2023-01-09,0.1435066003077254,99.02027247771824
HLS,Bosque seco,2023-01-01,2023-01-09,0.13349215399011127,99.81994039772884
S2,Pastos limpios,2023-01-01,2023-01-09,0.151983468856058,99.30446564787574
S2,Palma,2023-01-01,2023-01-09,0.17794645620082286,99.30422502237963
S2,Bananera,2023-01-01,2023-01-09,0.18671326692198248,99.28874005455988
S2,Manglar,2023-01-01,2023-01-09,0.15587148651650914,99.30135845474761
S2,Bosque seco,2023-01-01,2023-01-09,0.12837465640707885,99.30332326371534
HLS,Pastos limpios,2023-01-09,2023-01-17,0.13720914872340417,99.82205471792155
HLS,Palma,2023-01-09,2023-01-17,0.15128495892617463,99.84364301676337
HLS,Bananera,2023-01-09,2023-01-17,0.16839588844369105,99.82011776108571
HLS,Manglar,2023-01-09,2023-01-17,0.14633609309487475,99.02027247771824
HLS,Bosque seco,2023-01-09,2023-01-17,0.130208295055688,99.81994039772884
S2,Pastos limpios,2023-01-09,2023-01-17,0.14395928007491557,99.30446564787574
S2,Palma,2023-01-09,2023-01-17,0.15558292102938265,99.30422502237963
S2,Bananera,2023-01-09,2023-01-17,0.18243150266572086,99.28874005455988
S2,Manglar,2023-01-09,2023-01-17,0.14607637980251192,99.30135845474761
S2,Bosque seco,2023-01-09,2023-01-17,0.13229950434808702,99.30332326371534
HLS,Pastos limpios,2023-01-17,2023-01-25,0.13633754679141827,99.82205471788723
HLS,Palma,2023-01-17,2023-01-25,0.14789381316105443,99.84364301677358
HLS,Bananera,2023-01-17,2023-01-25,0.16259570267607593,99.82011776104834
HLS,Manglar,2023-01-17,2023-01-25,0.14072949655040887,99.02027247771824
HLS,Bosque seco,2023-01-17,2023-01-25,0.1339160675604019,99.81994039772884
S2,Pastos limpios,2023-01-17,2023-01-25,0.15619642542455264,99.30446564784161
S2,Palma,2023-01-17,2023-01-25,0.16049332523869028,99.30422502238977
S2,Bananera,2023-01-17,2023-01-25,0.1853360376045739,99.28874005452272
S2,Manglar,2023-01-17,2023-01-25,0.15112349881152903,99.30135845474761
S2,Bosque seco,2023-01-17,2023-01-25,0.15031228931089505,99.30332326371534
HLS,Pastos limpios,2023-01-25,2023-02-02,0.1504883645144031,99.82205471788723
HLS,Palma,2023-01-25,2023-02-02,0.1490441983785411,99.84364301677358
HLS,Bananera,2023-01-25,2023-02-02,0.16347948214520025,99.82011776104834
HLS,Manglar,2023-01-25,2023-02-02,0.14200448944959707,99.02027247771824
HLS,Bosque seco,2023-01-25,2023-02-02,0.1339796346662891,99.81994039772884
S2,Pastos limpios,2023-01-25,2023-02-02,0.17359415561877395,99.30446564784161
S2,Palma,2023-01-25,2023-02-02,0.16643400785013912,99.30422502238977
S2,Bananera,2023-01-25,2023-02-02,0.18983060618671033,99.28874005452272
S2,Manglar,2023-01-25,2023-02-02,0.15598912479651794,99.30135845474761
S2,Bosque seco,2023-01-25,2023-02-02,0.1471010010465543,99.30332326371534
HLS,Pastos limpios,2023-02-02,2023-02-10,0.1574359928454099,99.82205471792155
HLS,Palma,2023-02-02,2023-02-10,0.1509988830544273,99.84364301676337
HLS,Bananera,2023-02-02,2023-02-10,0.16318908552261505,99.82011776108571
HLS,Manglar,2023-02-02,2023-02-10,0.14606893701800536,99.02027247771824
HLS,Bosque seco,2023-02-02,2023-02-10,0.1397801688023688,99.81994039772884
S2,Pastos limpios,2023-02-02,2023-02-10,0.17783134747663082,99.30446564787574
S2,Palma,2023-02-02,2023-02-10,0.16638302052863377,99.30422502237963
S2,Bananera,2023-02-02,2023-02-10,0.18661351098987541,99.28874005455988
S2,Manglar,2023-02-02,2023-02-10,0.16090919726217495,99.30135845474761
S2,Bosque seco,2023-02-02,2023-02-10,0.1503809954298028,99.30332326371534
HLS,Pastos limpios,2023-02-10,2023-02-18,0.16293366788846234,99.82205471792155
HLS,Palma,2023-02-10,2023-02-18,0.15158610447193996,99.84364301676337
HLS,Bananera,2023-02-10,2023-02-18,0.16141436985445795,99.82011776108571
HLS,Manglar,2023-02-10,2023-02-18,0.1544726436042682,99.02027247771824
HLS,Bosque seco,2023-02-10,2023-02-18,0.13883735366388775,99.81994039772884
S2,Pastos limpios,2023-02-10,2023-02-18,0.18366788988575555,99.30446564787574
S2,Palma,2023-02-10,2023-02-18,0.1688692632165297,99.30422502237963
S2,Bananera,2023-02-10,2023-02-18,0.18767204895423592,99.28874005455988
S2,Manglar,2023-02-10,2023-02-18,0.16961483200176802,99.30135845474761
S2,Bosque seco,2023-02-10,2023-02-18,0.1512429755962483,99.30332326371534
HLS,Pastos limpios,2023-02-18,2023-02-26,0.16953725199593142,99.82205471792155
HLS,Palma,2023-02-18,2023-02-26,0.15349066145901216,99.84364301676337
HLS,Bananera,2023-02-18,2023-02-26,0.16341500608298998,99.82011776108571
HLS,Manglar,2023-02-18,2023-02-26,0.16017472616662876,99.02027247771824
HLS,Bosque seco,2023-02-18,2023-02-26,0.14257129819495673,99.81994039772884
S2,Pastos limpios,2023-02-18,2023-02-26,0.19066019323834585,99.30446564787574
S2,Palma,2023-02-18,2023-02-26,0.17089412478665655,99.30422502237963
S2,Bananera,2023-02-18,2023-02-26,0.19222117620922025,99.28874005455988
S2,Manglar,2023-02-18,2023-02-26,0.17859717825117857,99.30135845474761
S2,Bosque seco,2023-02-18,2023-02-26,0.15660440240074378,99.30332326371534
HLS,Pastos limpios,2023-02-26,2023-03-06,0.1743573577913725,99.82205471792155
HLS,Palma,2023-02-26,2023-03-06,0.15361158573566752,99.84364301676337
HLS,Bananera,2023-02-26,2023-03-06,0.16652323182172638,99.82011776108571
HLS,Manglar,2023-02-26,2023-03-06,0.1650104406915502,99.02027247771824
HLS,Bosque seco,2023-02-26,2023-03-06,0.1483798517118049,99.81994039772884
S2,Pastos limpios,2023-02-26,2023-03-06,0.19760826034909074,99.30446564787574
S2,Palma,2023-02-26,2023-03-06,0.17290394377328883,99.30422502237963
S2,Bananera,2023-02-26,2023-03-06,0.19523415442988606,99.28874005455988
S2,Manglar,2023-02-26,2023-03-06,0.18609635479046407,99.30135845474761
S2,Bosque seco,2023-02-26,2023-03-06,0.1633655819071847,99.30332326371534
HLS,Pastos limpios,2023-03-14,2023-03-22,0.15457983861780386,96.87387132981851
HLS,Palma,2023-03-14,2023-03-22,0.1618548173619636,99.84364301677358
HLS,Bananera,2023-03-14,2023-03-22,0.17246336939053533,99.82011776104834
HLS,Manglar,2023-03-14,2023-03-22,0.1763561855904266,99.02027247771824
HLS,Bosque seco,2023-03-14,2023-03-22,0.14300360524184746,99.81994039772884
S2,Pastos limpios,2023-03-14,2023-03-22,0.19916391944922246,99.30446564784161
S2,Palma,2023-03-14,2023-03-22,0.19876718036895227,99.30422502238977
S2,Bananera,2023-03-14,2023-03-22,0.20627157780600033,99.28874005452272
S2,Manglar,2023-03-14,2023-03-22,0.20886931043558776,99.30135845474761
S2,Bosque seco,2023-03-14,2023-03-22,0.16229405987206943,99.30332326371534
HLS,Pastos limpios,2023-03-22,2023-03-30,0.1664478038886205,99.82205471792155
HLS,Palma,2023-03-22,2023-03-30,0.16220995294711643,99.84364301676337
HLS,Bananera,2023-03-22,2023-03-30,0.1750257456532178,99.82011776108571
HLS,Manglar,2023-03-22,2023-03-30,0.17382054910595246,99.02027247771824
HLS,Bosque seco,2023-03-22,2023-03-30,0.16093489931513966,99.81994039772884
S2,Pastos limpios,2023-03-22,2023-03-30,0.19763057200203685,99.30446564787574
S2,Palma,2023-03-22,2023-03-30,0.18694106164406588,99.30422502237963
S2,Bananera,2023-03-22,2023-03-30,0.21282264474485857,99.28874005455988
S2,Manglar,2023-03-22,2023-03-30,0.20019575367568979,99.30135845474761
S2,Bosque seco,2023-03-22,2023-03-30,0.18743693817691726,99.30332326371534
HLS,Pastos limpios,2023-03-30,2023-04-07,0.17860956796799332,99.82205471792155
HLS,Palma,2023-03-30,2023-04-07,0.16410488118357466,99.84364301676337
HLS,Bananera,2023-03-30,2023-04-07,0.17631573972846235,99.82011776108571
HLS,Manglar,2023-03-30,2023-04-07,0.1786577697283009,99.02027247771824
HLS,Bosque seco,2023-03-30,2023-04-07,0.16787964103811012,99.81994039772884
S2,Pastos limpios,2023-03-30,2023-04-07,0.20540129616049005,99.30446564787574
S2,Palma,2023-03-30,2023-04-07,0.1859135665418791,99.30422502237963
S2,Bananera,2023-03-30,2023-04-07,0.20611609962666813,99.28874005455988
S2,Manglar,2023-03-30,2023-04-07,0.19983076175524933,99.30135845474761
S2,Bosque seco,2023-03-30,2023-04-07,0.18960853460360946,99.30332326371534
HLS,Pastos limpios,2023-04-07,2023-04-15,0.18609928217077512,99.82205471788723
HLS,Palma,2023-04-07,2023-04-15,0.17914189151659166,11.590158516761226
HLS,Bananera,2023-04-07,2023-04-15,0.1983480134740109,99.82011776104834
HLS,Manglar,2023-04-07,2023-04-15,0.18329375464032613,99.02027247771824
HLS,Bosque seco,2023-04-07,2023-04-15,0.1775417153580647,99.81994039772884
S2,Pastos limpios,2023-04-07,2023-04-15,0.22160507728582737,99.30446564784161
S2,Palma,2023-04-07,2023-04-15,0.2058225828757098,99.30422502238977
S2,Bananera,2023-04-07,2023-04-15,0.23407329202628438,99.28874005452272
S2,Manglar,2023-04-07,2023-04-15,0.20394396292533318,99.30135845474761
S2,Bosque seco,2023-04-07,2023-04-15,0.1992557327320469,99.30332326371534
HLS,Pastos limpios,2023-04-15,2023-04-23,0.17817910338280152,99.82205471788723
HLS,Palma,2023-04-15,2023-04-23,,0.0
HLS,Bananera,2023-04-15,2023-04-23,0.18377745696881867,99.82011776104834
HLS,Manglar,2023-04-15,2023-04-23,0.18022836498808192,99.02027247771824
HLS,Bosque seco,2023-04-15,2023-04-23,0.16916898438213185,99.81994039772884
S2,Pastos limpios,2023-04-15,2023-04-23,0.19927966328824737,99.30446564784161
S2,Palma,2023-04-15,2023-04-23,0.20719725176615286,83.87064777944484
S2,Bananera,2023-04-15,2023-04-23,0.2377700253555476,99.28874005452272
S2,Manglar,2023-04-15,2023-04-23,0.23229760669166916,66.92232030944625
S2,Bosque seco,2023-04-15,2023-04-23,0.1944217573894335,99.30332326371534
HLS,Pastos limpios,2023-04-23,2023-05-01,0.19848919549368735,99.82205471792155
HLS,Palma,2023-04-23,2023-05-01,0.17500168223538534,99.76174002417116
HLS,Bananera,2023-04-23,2023-05-01,0.15341709503733106,93.14599989752712
HLS,Manglar,2023-04-23,2023-05-01,,0.0
HLS,Bosque seco,2023-04-23,2023-05-01,0.20124469348366106,99.81994039772884
S2,Pastos limpios,2023-04-23,2023-05-01,0.23282339296106502,99.30446564787574
S2,Palma,2023-04-23,2023-05-01,0.20264730081335425,98.66755017924605
S2,Bananera,2023-04-23,2023-05-01,0.19183765758376145,92.46040113206404
S2,Manglar,2023-04-23,2023-05-01,,0.0
S2,Bosque seco,2023-04-23,2023-05-01,0.24907699672843692,99.30332326371534
HLS,Pastos limpios,2023-05-01,2023-05-09,0.17994376236441434,99.82205471792155
HLS,Palma,2023-05-01,2023-05-09,0.1693839914468448,99.84364301676337
HLS,Bananera,2023-05-01,2023-05-09,0.17683338888109174,99.82011776108571
HLS,Manglar,2023-05-01,2023-05-09,0.15776372310732706,99.02027247771824
HLS,Bosque seco,2023-05-01,2023-05-09,0.17629125891818884,38.17509131748044
S2,Pastos limpios,2023-05-01,2023-05-09,0.1955860805536297,99.30446564787574
S2,Palma,2023-05-01,2023-05-09,0.18663994405153117,99.30422502237963
S2,Bananera,2023-05-01,2023-05-09,0.2040392210820576,99.28874005455988
S2,Manglar,2023-05-01,2023-05-09,0.16746107842557245,99.30135845474761
S2,Bosque seco,2023-05-01,2023-05-09,0.1848529662067001,99.30332326371534
HLS,Pastos limpios,2023-05-09,2023-05-17,0.17954770446434065,99.82205471788723
HLS,Palma,2023-05-09,2023-05-17,0.16734695963108148,99.84364301677358
HLS,Bananera,2023-05-09,2023-05-17,0.1687906211745417,99.82011776104834
HLS,Manglar,2023-05-09,2023-05-17,0.16073965817113536,99.02027247771824
HLS,Bosque seco,2023-05-09,2023-05-17,0.1583776474610569,99.81994039772884
S2,Pastos limpios,2023-05-09,2023-05-17,0.19526803679922275,99.30446564784161
S2,Palma,2023-05-09,2023-05-17,0.1834033085754006,99.30422502238977
S2,Bananera,2023-05-09,2023-05-17,0.19189055907646105,99.28874005452272
S2,Manglar,2023-05-09,2023-05-17,0.16920139162331208,99.30135845474761
S2,Bosque seco,2023-05-09,2023-05-17,0.17323228401560217,99.30332326371534
HLS,Pastos limpios,2023-05-17,2023-05-25,0.13994686134786968,99.66950858212255
HLS,Palma,2023-05-17,2023-05-25,0.18064420444063425,20.591533977527718
HLS,Bananera,2023-05-17,2023-05-25,0.20005660630233082,68.51609949958112
HLS,Manglar,2023-05-17,2023-05-25,0.3977741166480557,99.02027247771824
HLS,Bosque seco,2023-05-17,2023-05-25,0.1647988635480944,63.37846012976008
S2,Pastos limpios,2023-05-17,2023-05-25,0.1573998699623706,99.30446564787574
S2,Palma,2023-05-17,2023-05-25,0.20283654308542737,99.30422502237963
S2,Bananera,2023-05-17,2023-05-25,0.2298294496866934,99.28874005455988
S2,Manglar,2023-05-17,2023-05-25,0.13790955729124596,99.30135845474761
S2,Bosque seco,2023-05-17,2023-05-25,0.1792582891631327,98.13298914409727
HLS,Pastos limpios,2023-05-25,2023-06-02,,0.0
HLS,Palma,2023-05-25,2023-06-02,,0.0
HLS,Bananera,2023-05-25,2023-06-02,,0.0
HLS,Manglar,2023-05-25,2023-06-02,0.13183085435221273,99.02027247771824
HLS,Bosque seco,2023-05-25,2023-06-02,0.1929319015874351,2.6284316027293215
S2,Pastos limpios,2023-05-25,2023-06-02,0.15706750158468463,99.30446564784161
S2,Palma,2023-05-25,2023-06-02,0.23815014801325377,35.71849195692773
S2,Bananera,2023-05-25,2023-06-02,0.2501841795134777,51.954315148629014
S2,Manglar,2023-05-25,2023-06-02,0.14533985917459244,99.30135845474761
S2,Bosque seco,2023-05-25,2023-06-02,0.21494032870895957,54.25686549118217
HLS,Pastos limpios,2023-06-02,2023-06-10,0.16695833554487502,3.755849004408443
HLS,Palma,2023-06-02,2023-06-10,,0.0
HLS,Bananera,2023-06-02,2023-06-10,0.1880031239622891,99.82011776104834
HLS,Manglar,2023-06-02,2023-06-10,0.15491876631676874,98.70244646952384
HLS,Bosque seco,2023-06-02,2023-06-10,,0.0
S2,Pastos limpios,2023-06-02,2023-06-10,0.16555690516040103,99.30446564784161
S2,Palma,2023-06-02,2023-06-10,0.24850792953620407,4.377453797312092
S2,Bananera,2023-06-02,2023-06-10,0.20955560824384026,99.28874005452272
S2,Manglar,2023-06-02,2023-06-10,0.1729096331891757,99.30135845474761
S2,Bosque seco,2023-06-02,2023-06-10,0.18770871230023947,69.72286123120878
HLS,Pastos limpios,2023-06-10,2023-06-18,0.1250808194392294,41.0769317365478
HLS,Palma,2023-06-10,2023-06-18,0.18260743466216958,99.84364301676337
HLS,Bananera,2023-06-10,2023-06-18,0.17710659273877385,82.33825020351478
HLS,Manglar,2023-06-10,2023-06-18,0.14363740643498882,99.02027247771824
HLS,Bosque seco,2023-06-10,2023-06-18,0.1722954563857478,99.81994039772884
S2,Pastos limpios,2023-06-10,2023-06-18,0.14902205140360245,88.25259768362582
S2,Palma,2023-06-10,2023-06-18,0.21373048391950067,99.30422502237963
S2,Bananera,2023-06-10,2023-06-18,0.19830001339422704,63.2548909519387
S2,Manglar,2023-06-10,2023-06-18,0.15753067100476792,99.30135845474761
S2,Bosque seco,2023-06-10,2023-06-18,0.16980349700568878,56.88468019662261
HLS,Pastos limpios,2023-06-18,2023-06-26,0.14931465165615587,2.941757454405568
HLS,Palma,2023-06-18,2023-06-26,0.1698471297662789,99.84364301677358
HLS,Bananera,2023-06-18,2023-06-26,0.16130866890802847,99.82011776104834
HLS,Manglar,2023-06-18,2023-06-26,0.16001536567030203,99.02027247771824
HLS,Bosque seco,2023-06-18,2023-06-26,0.1708918383574125,99.81994039772884
S2,Pastos limpios,2023-06-18,2023-06-26,0.1627273796618154,99.30446564784161
S2,Palma,2023-06-18,2023-06-26,0.18376533195175138,99.30422502238977
S2,Bananera,2023-06-18,2023-06-26,0.1772083274651088,99.28874005452272
S2,Manglar,2023-06-18,2023-06-26,0.18415237919565625,99.30135845474761
S2,Bosque seco,2023-06-18,2023-06-26,0.19622216334722736,99.30332326371534
HLS,Pastos limpios,2023-06-26,2023-07-04,0.20695516991559623,2.2849872734654695
HLS,Palma,2023-06-26,2023-07-04,0.20377509295940396,0.20556327795990734
HLS,Bananera,2023-06-26,2023-07-04,,0.0
HLS,Manglar,2023-06-26,2023-07-04,0.16593561629317066,94.60923586824508
HLS,Bosque seco,2023-06-26,2023-07-04,0.17982131361144862,1.759248634599875
S2,Pastos limpios,2023-06-26,2023-07-04,0.18096360588482088,62.307725534249286
S2,Palma,2023-06-26,2023-07-04,0.24314668985782176,48.76959786152937
S2,Bananera,2023-06-26,2023-07-04,0.20508411248260805,51.078749796575636
S2,Manglar,2023-06-26,2023-07-04,0.18287086995198598,99.30135845474761
S2,Bosque seco,2023-06-26,2023-07-04,0.211820213892077,50.68512170581281
HLS,Pastos limpios,2023-07-12,2023-07-20,0.1625246552289786,99.82205471792155
HLS,Palma,2023-07-12,2023-07-20,0.26426334095811105,35.249155967275875
HLS,Bananera,2023-07-12,2023-07-20,0.2031347120466407,70.96359289994595
HLS,Manglar,2023-07-12,2023-07-20,,0.0
HLS,Bosque seco,2023-07-12,2023-07-20,0.14143686525154892,99.81994039772884
S2,Pastos limpios,2023-07-12,2023-07-20,0.16214739999769498,99.30446564787574
S2,Palma,2023-07-12,2023-07-20,0.20770884191498654,86.76991599982168
S2,Bananera,2023-07-12,2023-07-20,0.22305534655868317,95.28468275981312
S2,Manglar,2023-07-12,2023-07-20,0.21326558048217448,97.11189328558854
S2,Bosque seco,2023-07-12,2023-07-20,0.2041639321034066,99.30332326371534
HLS,Pastos limpios,2023-07-20,2023-07-28,0.15006738575291925,99.82205471792155
HLS,Palma,2023-07-20,2023-07-28,0.16999203934700646,99.84364301676337
HLS,Bananera,2023-07-20,2023-07-28,0.16945030216939044,99.82011776108571
HLS,Manglar,2023-07-20,2023-07-28,0.16666279979316445,99.02027247771824
HLS,Bosque seco,2023-07-20,2023-07-28,0.16031416823452785,99.81994039772884
S2,Pastos limpios,2023-07-20,2023-07-28,0.17082563278864088,99.30446564787574
S2,Palma,2023-07-20,2023-07-28,0.1854517006945246,99.30422502237963
S2,Bananera,2023-07-20,2023-07-28,0.19426690965426646,99.28874005455988
S2,Manglar,2023-07-20,2023-07-28,0.19579835523440764,99.30135845474761
S2,Bosque seco,2023-07-20,2023-07-28,0.18745114967233273,99.30332326371534
HLS,Pastos limpios,2023-07-28,2023-08-05,0.1522795949704713,99.82205471792155
HLS,Palma,2023-07-28,2023-08-05,0.17263308612502806,99.84364301676337
HLS,Bananera,2023-07-28,2023-08-05,0.1688265025184841,99.82011776108571
HLS,Manglar,2023-07-28,2023-08-05,0.15038645093193934,99.02027247771824
HLS,Bosque seco,2023-07-28,2023-08-05,0.16751733299372631,99.81994039772884
S2,Pastos limpios,2023-07-28,2023-08-05,0.16728007428635733,99.30446564787574
S2,Palma,2023-07-28,2023-08-05,0.1848538662877865,99.30422502237963
S2,Bananera,2023-07-28,2023-08-05,0.18458724861765752,27.824942377841566
S2,Manglar,2023-07-28,2023-08-05,0.18580484027955135,99.30135845474761
S2,Bosque seco,2023-07-28,2023-08-05,0.17796728904637993,99.30332326371534
HLS,Pastos limpios,2023-08-05,2023-08-13,0.1624513250517059,99.82205471788723
HLS,Palma,2023-08-05,2023-08-13,0.17278640698849018,99.84364301677358
HLS,Bananera,2023-08-05,2023-08-13,0.1632353327876679,99.82011776104834
HLS,Manglar,2023-08-05,2023-08-13,0.1698284606766209,99.02027247771824
HLS,Bosque seco,2023-08-05,2023-08-13,0.162951041933727,99.81994039772884
S2,Pastos limpios,2023-08-05,2023-08-13,0.17856874843193116,99.30446564784161
S2,Palma,2023-08-05,2023-08-13,0.18647612828791843,99.30422502238977
S2,Bananera,2023-08-05,2023-08-13,0.18332252399729984,99.28874005452272
S2,Manglar,2023-08-05,2023-08-13,0.18829147995561185,99.30135845474761
S2,Bosque seco,2023-08-05,2023-08-13,0.17761672532193026,99.30332326371534
HLS,Pastos limpios,2023-08-13,2023-08-21,0.19264384931292303,6.199857978436488
HLS,Palma,2023-08-13,2023-08-21,0.16461073634748283,4.512697293623162
HLS,Bananera,2023-08-13,2023-08-21,0.17042095557837716,99.82011776104834
HLS,Manglar,2023-08-13,2023-08-21,0.16793820122673248,99.02027247771824
HLS,Bosque seco,2023-08-13,2023-08-21,0.15141522854931258,99.81994039772884
S2,Pastos limpios,2023-08-13,2023-08-21,0.19829114314157759,98.17972182497424
S2,Palma,2023-08-13,2023-08-21,0.2010118370035453,27.75233915856159
S2,Bananera,2023-08-13,2023-08-21,0.20639141855293125,99.28874005452272
S2,Manglar,2023-08-13,2023-08-21,0.20855645014765276,99.30135845474761
S2,Bosque seco,2023-08-13,2023-08-21,0.28789784082337644,14.802465713439876
HLS,Pastos limpios,2023-08-29,2023-09-06,0.17712547243955046,35.69750933720501
HLS,Palma,2023-08-29,2023-09-06,0.19213491265452418,61.620243675918026
HLS,Bananera,2023-08-29,2023-09-06,0.1722316028505229,34.157832856175055
HLS,Manglar,2023-08-29,2023-09-06,0.16254957089088637,99.02027247771824
HLS,Bosque seco,2023-08-29,2023-09-06,0.1682619703550384,99.81994039772884
S2,Pastos limpios,2023-08-29,2023-09-06,0.19725878581968637,99.30446564784161
S2,Palma,2023-08-29,2023-09-06,0.21197691987442877,99.30422502238977
S2,Bananera,2023-08-29,2023-09-06,0.20400213705315515,99.28874005452272
S2,Manglar,2023-08-29,2023-09-06,0.17612852481552566,99.30135845474761
S2,Bosque seco,2023-08-29,2023-09-06,0.18987934305495474,99.30332326371534
HLS,Pastos limpios,2023-09-14,2023-09-22,0.1657354627009622,99.82205471792155
HLS,Palma,2023-09-14,2023-09-22,0.17137093545074397,99.84364301676337
HLS,Bananera,2023-09-14,2023-09-22,0.1707670429827356,99.82011776108571
HLS,Manglar,2023-09-14,2023-09-22,0.14655290229887658,99.02027247771824
HLS,Bosque seco,2023-09-14,2023-09-22,0.15502235948570361,99.81994039772884
S2,Pastos limpios,2023-09-14,2023-09-22,0.18962349929512246,99.30446564787574
S2,Palma,2023-09-14,2023-09-22,0.19260304674943313,99.30422502237963
S2,Bananera,2023-09-14,2023-09-22,0.19793524129769285,99.28874005455988
S2,Manglar,2023-09-14,2023-09-22,0.17221157558955602,99.30135845474761
S2,Bosque seco,2023-09-14,2023-09-22,0.18923762186167958,99.30332326371534
HLS,Pastos limpios,2023-09-22,2023-09-30,,0.0
HLS,Palma,2023-09-22,2023-09-30,0.14013228573998526,33.62066873707313
HLS,Bananera,2023-09-22,2023-09-30,0.1672714750348749,99.82011776108571
HLS,Manglar,2023-09-22,2023-09-30,0.15731277594507997,99.02027247771824
HLS,Bosque seco,2023-09-22,2023-09-30,0.152942519368961,99.81994039772884
S2,Pastos limpios,2023-09-22,2023-09-30,0.22729344955504968,99.30446564787574
S2,Palma,2023-09-22,2023-09-30,0.23538655302843106,99.30422502237963
S2,Bananera,2023-09-22,2023-09-30,0.2372530008770306,99.28874005455988
S2,Manglar,2023-09-22,2023-09-30,,0.0
S2,Bosque seco,2023-09-22,2023-09-30,0.2102245237272293,99.30332326371534
HLS,Pastos limpios,2023-09-30,2023-10-08,0.16840051936331332,99.82205471792155
HLS,Palma,2023-09-30,2023-10-08,0.15965458308859787,99.84364301676337
HLS,Bananera,2023-09-30,2023-10-08,0.1646009388538251,99.82011776108571
HLS,Manglar,2023-09-30,2023-10-08,0.11827978277032797,99.02027247771824
HLS,Bosque seco,2023-09-30,2023-10-08,0.15607872966306946,99.81994039772884
S2,Pastos limpios,2023-09-30,2023-10-08,0.17781984733707062,99.30446564787574
S2,Palma,2023-09-30,2023-10-08,0.1853881322202083,99.30422502237963
S2,Bananera,2023-09-30,2023-10-08,0.19541885112868718,99.28874005455988
S2,Manglar,2023-09-30,2023-10-08,0.1269585634977539,99.30135845474761
S2,Bosque seco,2023-09-30,2023-10-08,0.17512219098769133,99.30332326371534
HLS,Pastos limpios,2023-10-08,2023-10-16,0.15284552282420955,96.96539526746433
HLS,Palma,2023-10-08,2023-10-16,,0.0
HLS,Bananera,2023-10-08,2023-10-16,,0.0
HLS,Manglar,2023-10-08,2023-10-16,0.1625151769871718,44.275612569038096
HLS,Bosque seco,2023-10-08,2023-10-16,0.17206460084044617,33.883895416219204
S2,Pastos limpios,2023-10-08,2023-10-16,0.17816825320238694,99.30446564787574
S2,Palma,2023-10-08,2023-10-16,0.16417145718561457,15.678353743922262
S2,Bananera,2023-10-08,2023-10-16,0.22776341556167698,0.14917023867168705
S2,Manglar,2023-10-08,2023-10-16,0.1885463774359898,94.5393034335884
S2,Bosque seco,2023-10-08,2023-10-16,0.18515337979669808,97.45891641894512
HLS,Pastos limpios,2023-10-16,2023-10-24,,0.0
HLS,Palma,2023-10-16,2023-10-24,,0.0
HLS,Bananera,2023-10-16,2023-10-24,,0.0
HLS,Manglar,2023-10-16,2023-10-24,,0.0
HLS,Bosque seco,2023-10-16,2023-10-24,0.16592818761252515,99.81994039772884
S2,Pastos limpios,2023-10-16,2023-10-24,0.2199579148355688,16.51216400207552
S2,Palma,2023-10-16,2023-10-24,0.22426578028274982,67.68834954776901
S2,Bananera,2023-10-16,2023-10-24,0.2251254302081536,99.28874005452272
S2,Manglar,2023-10-16,2023-10-24,,0.0
S2,Bosque seco,2023-10-16,2023-10-24,0.18195771506194258,99.30332326371534
HLS,Pastos limpios,2023-10-24,2023-11-01,0.14046195008740978,64.55787903274855
HLS,Palma,2023-10-24,2023-11-01,0.18195315103431312,38.37106177807384
HLS,Bananera,2023-10-24,2023-11-01,,0.0
HLS,Manglar,2023-10-24,2023-11-01,0.15968640831476297,99.02027247771824
HLS,Bosque seco,2023-10-24,2023-11-01,,0.0
S2,Pastos limpios,2023-10-24,2023-11-01,0.1654332611577165,99.30446564784161
S2,Palma,2023-10-24,2023-11-01,0.20301993619057404,96.51414375371937
S2,Bananera,2023-10-24,2023-11-01,0.1755613856088654,91.17071483938659
S2,Manglar,2023-10-24,2023-11-01,0.17950902363773674,99.30135845474761
S2,Bosque seco,2023-10-24,2023-11-01,0.20148506067810698,99.30332326371534
HLS,Pastos limpios,2023-11-09,2023-11-17,0.1330071946792679,99.82205471792155
HLS,Palma,2023-11-09,2023-11-17,0.16025032013155963,99.84364301676337
HLS,Bananera,2023-11-09,2023-11-17,0.1568883387643862,99.82011776108571
HLS,Manglar,2023-11-09,2023-11-17,0.15668679574076141,99.02027247771824
HLS,Bosque seco,2023-11-09,2023-11-17,0.1506923979401815,99.81994039772884
S2,Pastos limpios,2023-11-09,2023-11-17,0.15722209825938557,99.30446564787574
S2,Palma,2023-11-09,2023-11-17,0.17177850003820166,99.30422502237963
S2,Bananera,2023-11-09,2023-11-17,0.1734737153797118,99.28874005455988
S2,Manglar,2023-11-09,2023-11-17,0.17569185699935105,99.30135845474761
S2,Bosque seco,2023-11-09,2023-11-17,0.16176832492210244,99.30332326371534
HLS,Pastos limpios,2023-11-17,2023-11-25,0.1379350517294058,99.82205471792155
HLS,Palma,2023-11-17,2023-11-25,0.15833770233434208,99.84364301676337
HLS,Bananera,2023-11-17,2023-11-25,0.15371747010383002,99.82011776108571
HLS,Manglar,2023-11-17,2023-11-25,0.16050073734665454,99.02027247771824
HLS,Bosque seco,2023-11-17,2023-11-25,0.150029732779708,99.81994039772884
S2,Pastos limpios,2023-11-17,2023-11-25,0.15048748636016998,99.30446564787574
S2,Palma,2023-11-17,2023-11-25,0.16924762598053913,99.30422502237963
S2,Bananera,2023-11-17,2023-11-25,0.16877387757296386,99.28874005455988
S2,Manglar,2023-11-17,2023-11-25,0.17800811867532976,99.30135845474761
S2,Bosque seco,2023-11-17,2023-11-25,0.1598623166690063,99.30332326371534
HLS,Pastos limpios,2023-11-25,2023-12-03,0.14733517794210288,99.82205471792155
HLS,Palma,2023-11-25,2023-12-03,0.16055427815143355,7.586470474594662
HLS,Bananera,2023-11-25,2023-12-03,0.16642094505404587,99.82011776108571
HLS,Manglar,2023-11-25,2023-12-03,0.16204651525492414,99.02027247771824
HLS,Bosque seco,2023-11-25,2023-12-03,,0.0
S2,Pastos limpios,2023-11-25,2023-12-03,0.16218376310558597,99.30446564787574
S2,Palma,2023-11-25,2023-12-03,0.1542163961746115,86.6521235118421
S2,Bananera,2023-11-25,2023-12-03,0.18631217647835221,99.28874005455988
S2,Manglar,2023-11-25,2023-12-03,0.17775340419537858,99.30135845474761
S2,Bosque seco,2023-11-25,2023-12-03,0.14593618063670624,99.30332326371534
HLS,Pastos limpios,2023-12-03,2023-12-11,0.1473015283459858,99.82205471788723
HLS,Palma,2023-12-03,2023-12-11,0.15738555184994985,99.84364301677358
HLS,Bananera,2023-12-03,2023-12-11,0.15271212684067131,99.82011776104834
HLS,Manglar,2023-12-03,2023-12-11,0.15572675390400295,99.02027247771824
HLS,Bosque seco,2023-12-03,2023-12-11,0.14559669770243824,99.81994039772884
S2,Pastos limpios,2023-12-03,2023-12-11,0.1565974973150655,99.30446564784161
S2,Palma,2023-12-03,2023-12-11,0.16282300592264157,99.30422502238977
S2,Bananera,2023-12-03,2023-12-11,0.16589039285014542,99.28874005452272
S2,Manglar,2023-12-03,2023-12-11,0.16652631416624544,99.30135845474761
S2,Bosque seco,2023-12-03,2023-12-11,0.1531711387320297,99.30332326371534
HLS,Pastos limpios,2023-12-11,2023-12-19,0.14906141508537019,99.82205471792155
HLS,Palma,2023-12-11,2023-12-19,0.15522062182629168,99.84364301676337
HLS,Bananera,2023-12-11,2023-12-19,0.1533327541703191,99.82011776108571
HLS,Manglar,2023-12-11,2023-12-19,0.15342884970511678,99.02027247771824
HLS,Bosque seco,2023-12-11,2023-12-19,0.13670677346918947,99.81994039772884
S2,Pastos limpios,2023-12-11,2023-12-19,0.16533360571916902,99.30446564787574
S2,Palma,2023-12-11,2023-12-19,0.1672220321899441,99.30422502237963
S2,Bananera,2023-12-11,2023-12-19,0.17255179883839153,99.28874005455988
S2,Manglar,2023-12-11,2023-12-19,0.16978688426641075,99.30135845474761
S2,Bosque seco,2023-12-11,2023-12-19,0.14973304934771242,99.30332326371534
HLS,Pastos limpios,2023-12-19,2023-12-27,0.15827918291331883,99.82205471792155
HLS,Palma,2023-12-19,2023-12-27,0.14929362580794034,99.84364301676337
HLS,Bananera,2023-12-19,2023-12-27,0.1523950001329003,99.82011776108571
HLS,Manglar,2023-12-19,2023-12-27,0.15097637051422153,99.02027247771824
HLS,Bosque seco,2023-12-19,2023-12-27,0.1279240116297993,99.81994039772884
S2,Pastos limpios,2023-12-19,2023-12-27,0.17292835530228431,99.30446564787574
S2,Palma,2023-12-19,2023-12-27,0.16320783964120575,99.30422502237963
S2,Bananera,2023-12-19,2023-12-27,0.18054611072169435,99.28874005455988
S2,Manglar,2023-12-19,2023-12-27,0.17234886530542623,99.30135845474761
S2,Bosque seco,2023-12-19,2023-12-27,0.14736659164866547,99.30332326371534
HLS,Pastos limpios,2023-12-27,2024-01-01,0.17293457444779017,31.733106209118816
HLS,Palma,2023-12-27,2024-01-01,0.16188094547377568,99.84364301676337
HLS,Bananera,2023-12-27,2024-01-01,0.15885526570710354,99.82011776108571
HLS,Manglar,2023-12-27,2024-01-01,0.1574248353123921,92.98156532954906
HLS,Bosque seco,2023-12-27,2024-01-01,0.14435859926881983,99.81994039772884
S2,Pastos limpios,2023-12-27,2024-01-01,0.20021653303092377,99.30446564787574
S2,Palma,2023-12-27,2024-01-01,0.17732208244215786,99.30422502237963
S2,Bananera,2023-12-27,2024-01-01,0.17938582772768927,99.28874005455988
S2,Manglar,2023-12-27,2024-01-01,0.18535527966778856,99.30135845474761
S2,Bosque seco,2023-12-27,2024-01-01,0.16025330247805056,99.30332326371534
