station,period_start,period_end,albedo_hls,albedo_s2,coverage_hls,coverage_s2,difference_hls_minus_s2
Bananera,2021-01-01,2021-01-09,0.15942681664402994,0.19926508397181897,99.82011776108571,99.28874005455988,-0.03983826732778903
Bananera,2021-01-09,2021-01-17,0.16219439079260836,0.18399746773360473,99.82011776104834,99.28874005452272,-0.02180307694099637
Bananera,2021-01-17,2021-01-25,0.159064293191732,0.18172862515792906,99.82011776108571,99.28874005455988,-0.022664331966197077
Bananera,2021-01-25,2021-02-02,0.15355980545042133,0.1845320116365226,99.82011776108571,99.28874005455988,-0.030972206186101275
Bananera,2021-02-02,2021-02-10,0.1500056798671306,0.1728631944604121,99.82011776104834,99.28874005452272,-0.022857514593281503
Bananera,2021-02-10,2021-02-18,0.15747484383098811,0.18496889741331166,99.82011776104834,99.28874005452272,-0.02749405358232354
Bananera,2021-02-18,2021-02-26,0.16030652301473902,0.18406153817737916,99.82011776108571,99.28874005455988,-0.023755015162640142
Bananera,2021-02-26,2021-03-06,0.15659975133246504,0.1897696434647368,99.82011776104834,99.28874005452272,-0.033169892132271755
Bananera,2021-03-14,2021-03-22,0.1674159622321396,0.207823086800186,99.82011776104834,99.28874005452272,-0.040407124568046404
Bananera,2021-03-22,2021-03-30,0.1782227234388757,0.20804803002625363,99.82011776108571,99.28874005455988,-0.02982530658737792
Bananera,2021-04-07,2021-04-15,0.178813340751825,0.20145130147752494,99.82011776108571,99.28874005455988,-0.02263796072569993
Bananera,2021-04-23,2021-05-01,0.17737868495049255,0.20328123081147526,99.82011776104834,99.28874005452272,-0.0259025458609827
Bananera,2021-06-10,2021-06-18,0.1958361873327592,0.24039900722880705,89.3849556556647,99.28874005455988,-0.04456281989604785
Bananera,2021-06-26,2021-07-04,0.17174971067958417,0.1907733609050022,99.82011776108571,99.28874005455988,-0.01902365022541802
Bananera,2021-07-12,2021-07-20,0.18039953490608077,0.19831896552809833,99.82011776108571,99.28874005455988,-0.017919430622017563
Bananera,2021-07-20,2021-07-28,0.17177241541913393,0.20227864691927203,99.82011776104834,99.28874005452272,-0.030506231500138092
Bananera,2021-07-28,2021-08-05,0.17898197797424353,0.19827351032208673,99.06694204759086,99.28874005455988,-0.0192915323478432
Bananera,2021-11-17,2021-11-25,0.1626048135675222,0.18000997425302565,99.82011776108571,99.28874005455988,-0.017405160685503435
Bananera,2021-11-25,2021-12-03,0.16599797929814877,0.1806313180334945,99.82011776108571,99.28874005455988,-0.014633338735345724
Bananera,2021-12-03,2021-12-11,0.14797515844946185,0.1863468001319896,99.82011776108571,99.28874005455988,-0.03837164168252774
Bananera,2021-12-11,2021-12-19,0.16353723006090398,0.18219159409932573,99.82011776108571,99.28874005455988,-0.018654364038421745
Bananera,2021-12-19,2021-12-27,0.1630034106211025,0.19276538504052967,99.82011776108571,99.28874005455988,-0.029761974419427184
Bananera,2021-12-27,2022-01-01,0.16679257447439558,0.18704107335545544,99.82011776104834,99.28874005452272,-0.020248498881059868
Bananera,2022-01-01,2022-01-09,0.16383422192570474,0.18386265749891578,99.82011776108571,99.28874005455988,-0.020028435573211045
Bananera,2022-01-17,2022-01-25,0.16407407022274206,0.1848473045773857,99.82011776104834,99.28874005452272,-0.02077323435464365
Bananera,2022-01-25,2022-02-02,0.16784480204945318,0.18570240942397012,99.82011776108571,99.28874005455988,-0.017857607374516943
Bananera,2022-02-02,2022-02-10,0.1639611110759093,0.18719175591058956,99.82011776108571,99.28874005455988,-0.023230644834680264
Bananera,2022-02-10,2022-02-18,0.16298135393904092,0.18761288004622406,99.82011776108571,99.28874005455988,-0.024631526107183138
Bananera,2022-02-18,2022-02-26,0.16267927539978821,0.19096988178625432,99.82011776108571,99.28874005455988,-0.028290606386466105
Bananera,2022-02-26,2022-03-06,0.16705274061244485,0.19322826700229082,99.82011776108571,99.28874005455988,-0.026175526389845966
Bananera,2022-03-06,2022-03-14,0.16977622434620443,0.1967074159499493,99.82011776108571,99.28874005455988,-0.02693119160374488
Bananera,2022-03-22,2022-03-30,0.17362034845434798,0.22452071552802197,99.82011776104834,99.28874005452272,-0.050900367073673985
Bananera,2022-03-30,2022-04-07,0.1775594664454063,0.21372097017829597,99.82011776104834,99.28874005452272,-0.03616150373288968
Bananera,2022-04-07,2022-04-15,0.17767298661121764,0.21472936459487046,99.82011776104834,99.28874005452272,-0.03705637798365283
Bananera,2022-05-01,2022-05-09,0.18374451059195498,0.2118883071512294,99.82011776104834,99.28874005452272,-0.028143796559274403
Bananera,2022-05-17,2022-05-25,0.17206786401616428,0.19967118091493224,99.82011776108571,99.28874005455988,-0.027603316898767966
Bananera,2022-05-25,2022-06-02,0.176523016211696,0.17929386841452669,84.31983400151323,96.15327628742052,-0.002770852202830687
Bananera,2022-12-03,2022-12-11,0.1624416328706121,0.18233716737037095,99.82011776108571,99.28874005455988,-0.019895534499758838
Bananera,2022-12-11,2022-12-19,0.16922328994136765,0.20084465841127,99.82011776104834,99.28874005452272,-0.03162136846990235
Bananera,2022-12-19,2022-12-27,0.16182574598351024,0.18203268330712788,99.82011776104834,99.28874005452272,-0.02020693732361764
Bananera,2022-12-27,2023-01-01,0.16528406544540916,0.1898928856974107,99.82011776108571,99.28874005455988,-0.024608820252001534
Bananera,2023-01-01,2023-01-09,0.16552066772826549,0.18671326692198248,99.82011776108571,99.28874005455988,-0.021192599193716993
Bananera,2023-01-09,2023-01-17,0.16839588844369105,0.18243150266572086,99.82011776108571,99.28874005455988,-0.014035614222029813
Bananera,2023-01-17,2023-01-25,0.16259570267607593,0.1853360376045739,99.82011776104834,99.28874005452272,-0.022740334928497974
Bananera,2023-01-25,2023-02-02,0.16347948214520025,0.18983060618671033,99.82011776104834,99.28874005452272,-0.026351124041510077
Bananera,2023-02-02,2023-02-10,0.16318908552261505,0.18661351098987541,99.82011776108571,99.28874005455988,-0.023424425467260368
Bananera,2023-02-10,2023-02-18,0.16141436985445795,0.18767204895423592,99.82011776108571,99.28874005455988,-0.02625767909977797
Bananera,2023-02-18,2023-02-26,0.16341500608298998,0.19222117620922025,99.82011776108571,99.28874005455988,-0.02880617012623027
Bananera,2023-02-26,2023-03-06,0.16652323182172638,0.19523415442988606,99.82011776108571,99.28874005455988,-0.02871092260815969
Bananera,2023-03-14,2023-03-22,0.17246336939053533,0.20627157780600033,99.82011776104834,99.28874005452272,-0.033808208415465
Bananera,2023-03-22,2023-03-30,0.1750257456532178,0.21282264474485857,99.82011776108571,99.28874005455988,-0.03779689909164077
Bananera,2023-03-30,2023-04-07,0.17631573972846235,0.20611609962666813,99.82011776108571,99.28874005455988,-0.029800359898205786
Bananera,2023-04-07,2023-04-15,0.1983480134740109,0.23407329202628438,99.82011776104834,99.28874005452272,-0.035725278552273476
Bananera,2023-04-15,2023-04-23,0.18377745696881867,0.2377700253555476,99.82011776104834,99.28874005452272,-0.05399256838672892
Bananera,2023-04-23,2023-05-01,0.15341709503733106,0.19183765758376145,93.14599989752712,92.46040113206404,-0.03842056254643039
Bananera,2023-05-01,2023-05-09,0.17683338888109174,0.2040392210820576,99.82011776108571,99.28874005455988,-0.027205832200965868
Bananera,2023-05-09,2023-05-17,0.1687906211745417,0.19189055907646105,99.82011776104834,99.28874005452272,-0.02309993790191936
Bananera,2023-06-02,2023-06-10,0.1880031239622891,0.20955560824384026,99.82011776104834,99.28874005452272,-0.021552484281551154
Bananera,2023-06-18,2023-06-26,0.16130866890802847,0.1772083274651088,99.82011776104834,99.28874005452272,-0.015899658557080337
Bananera,2023-07-20,2023-07-28,0.16945030216939044,0.19426690965426646,99.82011776108571,99.28874005455988,-0.02481660748487602
Bananera,2023-08-05,2023-08-13,0.1632353327876679,0.18332252399729984,99.82011776104834,99.28874005452272,-0.020087191209631955
Bananera,2023-08-13,2023-08-21,0.17042095557837716,0.20639141855293125,99.82011776104834,99.28874005452272,-0.035970462974554085
Bananera,2023-09-14,2023-09-22,0.1707670429827356,0.19793524129769285,99.82011776108571,99.28874005455988,-0.02716819831495726
Bananera,2023-09-22,2023-09-30,0.1672714750348749,0.2372530008770306,99.82011776108571,99.28874005455988,-0.0699815258421557
Bananera,2023-09-30,2023-10-08,0.1646009388538251,0.19541885112868718,99.82011776108571,99.28874005455988,-0.03081791227486208
Bananera,2023-11-09,2023-11-17,0.1568883387643862,0.1734737153797118,99.82011776108571,99.28874005455988,-0.01658537661532558
Bananera,2023-11-17,2023-11-25,0.15371747010383002,0.16877387757296386,99.82011776108571,99.28874005455988,-0.015056407469133837
Bananera,2023-11-25,2023-12-03,0.16642094505404587,0.18631217647835221,99.82011776108571,99.28874005455988,-0.01989123142430635
Bananera,2023-12-03,2023-12-11,0.15271212684067131,0.16589039285014542,99.82011776104834,99.28874005452272,-0.01317826600947411
Bananera,2023-12-11,2023-12-19,0.1533327541703191,0.17255179883839153,99.82011776108571,99.28874005455988,-0.01921904466807242
Bananera,2023-12-19,2023-12-27,0.1523950001329003,0.18054611072169435,99.82011776108571,99.28874005455988,-0.028151110588794048
Bananera,2023-12-27,2024-01-01,0.15885526570710354,0.17938582772768927,99.82011776108571,99.28874005455988,-0.02053056202058573
Bosque seco,2021-01-01,2021-01-09,0.14334359273708033,0.15342222428464414,99.81994039772884,99.30332326371534,-0.010078631547563804
Bosque seco,2021-01-09,2021-01-17,0.13858077616612632,0.16052339904762458,99.81994039772884,99.30332326371534,-0.021942622881498258
Bosque seco,2021-01-17,2021-01-25,0.14380157099013988,0.15436730692710715,99.81994039772884,99.30332326371534,-0.010565735936967274
Bosque seco,2021-01-25,2021-02-02,0.1455210463448863,0.1604164693341562,99.81994039772884,99.30332326371534,-0.014895422989269907
Bosque seco,2021-02-02,2021-02-10,0.1480305342080095,0.16054630154961846,99.81994039772884,99.30332326371534,-0.012515767341608974
Bosque seco,2021-02-10,2021-02-18,0.15060987777019774,0.17467423915359723,99.81994039772884,99.30332326371534,-0.024064361383399485
Bosque seco,2021-02-18,2021-02-26,0.15471009995411372,0.1701323374131418,99.81994039772884,99.30332326371534,-0.01542223745902807
Bosque seco,2021-02-26,2021-03-06,0.15665850705340337,0.1776098153638748,99.81994039772884,99.30332326371534,-0.020951308310471428
Bosque seco,2021-03-14,2021-03-22,0.14332787588384918,0.19060345783422716,99.81994039772884,99.30332326371534,-0.04727558195037798
Bosque seco,2021-03-22,2021-03-30,0.161819046894533,0.16901310602159947,99.81994039772884,99.30332326371534,-0.007194059127066471
Bosque seco,2021-04-07,2021-04-15,0.17109753070390213,0.18050717418952167,99.81994039772884,99.30332326371534,-0.00940964348561954
Bosque seco,2021-04-23,2021-05-01,0.17643232952503504,0.2306862430038941,99.81994039772884,99.30332326371534,-0.05425391347885905
Bosque seco,2021-05-01,2021-05-09,0.17538392268556677,0.19083722768579509,99.41024957304303,92.20200538552052,-0.015453305000228318
Bosque seco,2021-05-09,2021-05-17,0.17559885131972583,0.1928012916393029,99.81994039772884,99.30332326371534,-0.017202440319577073
Bosque seco,2021-06-10,2021-06-18,0.16771137843951897,0.18118840610113784,99.81994039772884,99.30332326371534,-0.013477027661618873
Bosque seco,2021-06-26,2021-07-04,0.16656296596054748,0.20020786809784966,99.81994039772884,99.30332326371534,-0.033644902137302174
Bosque seco,2021-07-04,2021-07-12,0.16290898995978545,0.15368594939024957,99.81994039772884,86.45237206654541,0.009223040569535879
Bosque seco,2021-07-12,2021-07-20,0.16853751260014932,0.1808788579243176,99.81994039772884,99.30332326371534,-0.012341345324168279
Bosque seco,2021-07-20,2021-07-28,0.16689136373387203,0.1827524004241622,99.81994039772884,99.30332326371534,-0.015861036690290153
Bosque seco,2021-07-28,2021-08-05,0.171131428784207,0.1827861477008387,99.81994039772884,99.30332326371534,-0.011654718916631696
Bosque seco,2021-08-05,2021-08-13,0.16839051744114,0.18371744258229503,99.81994039772884,99.30332326371534,-0.015326925141155023
Bosque seco,2021-08-13,2021-08-21,0.19416254469584682,0.21505058682474132,90.76821448033257,99.30332326371534,-0.020888042128894502
Bosque seco,2021-09-22,2021-09-30,0.16698668551506127,0.18035861017499757,99.81994039772884,99.30332326371534,-0.013371924659936307
Bosque seco,2021-09-30,2021-10-08,0.17272452452718987,0.19100723808010295,99.7572814313756,99.30332326371534,-0.018282713552913082
Bosque seco,2021-10-24,2021-11-01,0.16331606519624695,0.18721013322868624,99.81994039772884,99.30332326371534,-0.023894068032439292
Bosque seco,2021-11-25,2021-12-03,0.1416264870233416,0.14642500126668231,99.81994039772884,99.30332326371534,-0.004798514243340712
Bosque seco,2021-12-03,2021-12-11,0.14066641875759414,0.14893693408766043,99.81994039772884,99.30332326371534,-0.008270515330066286
Bosque seco,2021-12-11,2021-12-19,0.13752064955449803,0.14728069583398018,99.81994039772884,99.30332326371534,-0.009760046279482154
Bosque seco,2021-12-19,2021-12-27,0.13882028822088688,0.15263131890845072,99.81994039772884,99.30332326371534,-0.013811030687563841
Bosque seco,2021-12-27,2022-01-01,0.13732159089982482,0.15140787505722636,99.81994039772884,99.30332326371534,-0.01408628415740154
Bosque seco,2022-01-01,2022-01-09,0.13512215798217136,0.14459514273009233,99.81994039772884,99.30332326371534,-0.009472984747920965
Bosque seco,2022-01-09,2022-01-17,0.1390257506071582,0.14918646079057937,99.81994039772884,99.30332326371534,-0.010160710183421184
Bosque seco,2022-01-17,2022-01-25,0.1390464596000238,0.13808299627556095,99.81994039772884,99.30332326371534,0.0009634633244628432
Bosque seco,2022-01-25,2022-02-02,0.1434411787837863,0.15376363285427727,99.81994039772884,99.30332326371534,-0.010322454070490983
Bosque seco,2022-02-02,2022-02-10,0.14277913220764854,0.15489403370135937,99.81994039772884,99.30332326371534,-0.012114901493710833
Bosque seco,2022-02-10,2022-02-18,0.1450700112547236,0.15477990021908278,99.81994039772884,99.30332326371534,-0.009709888964359176
Bosque seco,2022-02-18,2022-02-26,0.14659136470803982,0.16288115675941367,99.81994039772884,99.30332326371534,-0.016289792051373847
Bosque seco,2022-02-26,2022-03-06,0.14405905433501442,0.15678514918286804,99.81994039772884,99.30332326371534,-0.012726094847853614
Bosque seco,2022-03-06,2022-03-14,0.1464194355468425,0.1599185918143737,99.81994039772884,99.30332326371534,-0.013499156267531204
Bosque seco,2022-03-22,2022-03-30,0.17150943843370772,0.18017209047662064,99.81994039772884,99.30332326371534,-0.008662652042912916
Bosque seco,2022-03-30,2022-04-07,0.17138217412414286,0.19445226339779784,99.81994039772884,99.30332326371534,-0.023070089273654976
Bosque seco,2022-04-07,2022-04-15,0.17015277608560217,0.210905386140695,99.81994039772884,99.30332326371534,-0.04075261005509284
Bosque seco,2022-05-01,2022-05-09,0.17742476343479668,0.202238353877675,99.81994039772884,99.30332326371534,-0.024813590442878314
Bosque seco,2022-05-17,2022-05-25,0.16946851573529523,0.19282822480150025,99.81994039772884,99.30332326371534,-0.02335970906620502
Bosque seco,2022-05-25,2022-06-02,0.1735083801793005,0.18614591300026487,99.81994039772884,99.30332326371534,-0.012637532820964359
Bosque seco,2022-06-02,2022-06-10,0.18160277433536734,0.20648682951448827,99.81994039772884,99.30332326371534,-0.02488405517912093
Bosque seco,2022-06-26,2022-07-04,0.1556886090924847,0.188258897542875,99.81994039772884,99.30332326371534,-0.03257028845039031
Bosque seco,2022-07-04,2022-07-12,0.1629620851731091,0.1839288508925734,99.81994039772884,99.30332326371534,-0.02096676571946432
Bosque seco,2022-07-12,2022-07-20,0.16543640095511614,0.18583993060360798,99.81994039772884,99.30332326371534,-0.020403529648491847
Bosque seco,2022-09-06,2022-09-14,0.1671399747104316,0.1842377572302044,99.81994039772884,99.30332326371534,-0.017097782519772814
Bosque seco,2022-11-17,2022-11-25,0.15043016405564397,0.16099072995842617,99.81994039772884,99.30332326371534,-0.010560565902782204
Bosque seco,2022-11-25,2022-12-03,0.1395829003225664,0.18522013443299065,83.65729752483,99.30332326371534,-0.04563723411042425
Bosque seco,2022-12-03,2022-12-11,0.13973014321458457,0.15496776693499786,99.81994039772884,99.30332326371534,-0.01523762372041329
Bosque seco,2022-12-11,2022-12-19,0.1409028465841436,0.1673942705976617,99.81994039772884,99.30332326371534,-0.026491424013518117
Bosque seco,2022-12-19,2022-12-27,0.13423140156500427,0.14412134738470936,99.81994039772884,99.30332326371534,-0.009889945819705093
Bosque seco,2022-12-27,2023-01-01,0.13436618559937544,0.14068762472411322,99.81994039772884,99.30332326371534,-0.006321439124737788
Bosque seco,2023-01-01,2023-01-09,0.13349215399011127,0.12837465640707885,99.81994039772884,99.30332326371534,0.0051174975830324265
Bosque seco,2023-01-09,2023-01-17,0.130208295055688,0.13229950434808702,99.81994039772884,99.30332326371534,-0.0020912092923990044
Bosque seco,2023-01-17,2023-01-25,0.1339160675604019,0.15031228931089505,99.81994039772884,99.30332326371534,-0.016396221750493156
Bosque seco,2023-01-25,2023-02-02,0.1339796346662891,0.1471010010465543,99.81994039772884,99.30332326371534,-0.013121366380265204
Bosque seco,2023-02-02,2023-02-10,0.1397801688023688,0.1503809954298028,99.81994039772884,99.30332326371534,-0.010600826627434001
Bosque seco,2023-02-10,2023-02-18,0.13883735366388775,0.1512429755962483,99.81994039772884,99.30332326371534,-0.012405621932360555
Bosque seco,2023-02-18,2023-02-26,0.14257129819495673,0.15660440240074378,99.81994039772884,99.30332326371534,-0.014033104205787045
Bosque seco,2023-02-26,2023-03-06,0.1483798517118049,0.1633655819071847,99.81994039772884,99.30332326371534,-0.014985730195379798
Bosque seco,2023-03-14,2023-03-22,0.14300360524184746,0.16229405987206943,99.81994039772884,99.30332326371534,-0.01929045463022197
Bosque seco,2023-03-22,2023-03-30,0.16093489931513966,0.18743693817691726,99.81994039772884,99.30332326371534,-0.0265020388617776
Bosque seco,2023-03-30,2023-04-07,0.16787964103811012,0.18960853460360946,99.81994039772884,99.30332326371534,-0.02172889356549934
Bosque seco,2023-04-07,2023-04-15,0.1775417153580647,0.1992557327320469,99.81994039772884,99.30332326371534,-0.02171401737398218
Bosque seco,2023-04-15,2023-04-23,0.16916898438213185,0.1944217573894335,99.81994039772884,99.30332326371534,-0.025252773007301665
Bosque seco,2023-04-23,2023-05-01,0.20124469348366106,0.24907699672843692,99.81994039772884,99.30332326371534,-0.04783230324477586
Bosque seco,2023-05-09,2023-05-17,0.1583776474610569,0.17323228401560217,99.81994039772884,99.30332326371534,-0.014854636554545275
Bosque seco,2023-06-18,2023-06-26,0.1708918383574125,0.19622216334722736,99.81994039772884,99.30332326371534,-0.025330324989814856
Bosque seco,2023-07-12,2023-07-20,0.14143686525154892,0.2041639321034066,99.81994039772884,99.30332326371534,-0.0627270668518577
Bosque seco,2023-07-20,2023-07-28,0.16031416823452785,0.18745114967233273,99.81994039772884,99.30332326371534,-0.02713698143780488
Bosque seco,2023-07-28,2023-08-05,0.16751733299372631,0.17796728904637993,99.81994039772884,99.30332326371534,-0.010449956052653614
Bosque seco,2023-08-05,2023-08-13,0.162951041933727,0.17761672532193026,99.81994039772884,99.30332326371534,-0.01466568338820326
Bosque seco,2023-08-29,2023-09-06,0.1682619703550384,0.18987934305495474,99.81994039772884,99.30332326371534,-0.021617372699916343
Bosque seco,2023-09-14,2023-09-22,0.15502235948570361,0.18923762186167958,99.81994039772884,99.30332326371534,-0.03421526237597597
Bosque seco,2023-09-22,2023-09-30,0.152942519368961,0.2102245237272293,99.81994039772884,99.30332326371534,-0.0572820043582683
Bosque seco,2023-09-30,2023-10-08,0.15607872966306946,0.17512219098769133,99.81994039772884,99.30332326371534,-0.01904346132462187
Bosque seco,2023-10-16,2023-10-24,0.16592818761252515,0.18195771506194258,99.81994039772884,99.30332326371534,-0.016029527449417436
Bosque seco,2023-11-09,2023-11-17,0.1506923979401815,0.16176832492210244,99.81994039772884,99.30332326371534,-0.011075926981920947
Bosque seco,2023-11-17,2023-11-25,0.150029732779708,0.1598623166690063,99.81994039772884,99.30332326371534,-0.009832583889298308
Bosque seco,2023-12-03,2023-12-11,0.14559669770243824,0.1531711387320297,99.81994039772884,99.30332326371534,-0.0075744410295914555
Bosque seco,2023-12-11,2023-12-19,0.13670677346918947,0.14973304934771242,99.81994039772884,99.30332326371534,-0.013026275878522953
Bosque seco,2023-12-19,2023-12-27,0.1279240116297993,0.14736659164866547,99.81994039772884,99.30332326371534,-0.019442580018866173
Bosque seco,2023-12-27,2024-01-01,0.14435859926881983,0.16025330247805056,99.81994039772884,99.30332326371534,-0.015894703209230726
Manglar,2021-01-01,2021-01-09,0.1419705285030778,0.17570004429766975,99.02027247771824,99.30135845474761,-0.03372951579459196
Manglar,2021-01-17,2021-01-25,0.14365082828698686,0.15534776004075498,99.02027247771824,99.30135845474761,-0.011696931753768125
Manglar,2021-01-25,2021-02-02,0.14637518006371839,0.1595927765197803,99.02027247771824,99.30135845474761,-0.013217596456061909
Manglar,2021-02-02,2021-02-10,0.14832821359075848,0.16236391106657433,99.02027247771824,99.30135845474761,-0.014035697475815845
Manglar,2021-02-10,2021-02-18,0.14969619069312073,0.16482836707923057,99.02027247771824,99.30135845474761,-0.015132176386109836
Manglar,2021-02-18,2021-02-26,0.15589308832094054,0.1690959065717797,99.02027247771824,99.30135845474761,-0.01320281825083916
Manglar,2021-02-26,2021-03-06,0.1548324670618991,0.17234119720004532,99.02027247771824,99.30135845474761,-0.017508730138146217
Manglar,2021-03-14,2021-03-22,0.16446339493512632,0.1909174958652557,99.02027247771824,99.30135845474761,-0.02645410093012937
Manglar,2021-03-22,2021-03-30,0.1708323676319215,0.18684097807367195,99.02027247771824,99.30135845474761,-0.016008610441750448
Manglar,2021-04-07,2021-04-15,0.13561293095225616,0.14031822811683273,99.02027247771824,99.30135845474761,-0.004705297164576572
Manglar,2021-04-23,2021-05-01,0.11630323300812591,0.12105104553175036,99.02027247771824,99.30135845474761,-0.004747812523624453
Manglar,2021-05-01,2021-05-09,0.12872579886991603,0.13929150356645803,99.02027247771824,99.30135845474761,-0.010565704696542
Manglar,2021-05-09,2021-05-17,0.13748452027860256,0.14740218617705314,99.02027247771824,99.30135845474761,-0.009917665898450584
Manglar,2021-06-10,2021-06-18,0.15369028542515964,0.17391517452173275,99.02027247771824,99.30135845474761,-0.020224889096573107
Manglar,2021-06-18,2021-06-26,0.16564681211915316,0.20321780376240645,99.02027247771824,99.30135845474761,-0.03757099164325328
Manglar,2021-06-26,2021-07-04,0.16153024152754347,0.18300491190481422,99.02027247771824,99.30135845474761,-0.021474670377270744
Manglar,2021-07-04,2021-07-12,0.16566642457595107,0.1917169221194576,99.02027247771824,99.30135845474761,-0.026050497543506523
Manglar,2021-07-12,2021-07-20,0.17082192653765443,0.1932688614298133,82.25733756900453,99.30135845474761,-0.022446934892158876
Manglar,2021-07-20,2021-07-28,0.16729359083478584,0.18844078172666662,99.02027247771824,99.30135845474761,-0.021147190891880774
Manglar,2021-07-28,2021-08-05,0.16608668676770386,0.18236474166586433,99.02027247771824,99.30135845474761,-0.016278054898160477
Manglar,2021-08-05,2021-08-13,0.16686685056773604,0.18501318555761503,99.02027247771824,99.30135845474761,-0.018146334989879
Manglar,2021-08-13,2021-08-21,0.17488814074877226,0.19360562519853416,99.02027247771824,99.30135845474761,-0.0187174844497619
Manglar,2021-09-06,2021-09-14,0.17744656017942032,0.20854785890328736,99.02027247771824,99.30135845474761,-0.03110129872386705
Manglar,2021-09-14,2021-09-22,0.18369085541753538,0.20906472506695042,99.02027247771824,99.30135845474761,-0.025373869649415043
Manglar,2021-09-22,2021-09-30,0.1705141205367361,0.19175167725862322,99.02027247771824,99.30135845474761,-0.021237556721887124
Manglar,2021-10-24,2021-11-01,0.16300581059110356,0.18435967754987953,99.02027247771824,99.30135845474761,-0.021353866958775974
Manglar,2021-11-09,2021-11-17,0.15625653207979848,0.16949720822974665,99.02027247771824,99.30135845474761,-0.013240676149948172
Manglar,2021-11-17,2021-11-25,0.1509941489095268,0.1669131328776331,99.02027247771824,99.30135845474761,-0.015918983968106287
Manglar,2021-11-25,2021-12-03,0.13566826887608344,0.15525906920903623,99.02027247771824,99.30135845474761,-0.019590800332952796
Manglar,2021-12-03,2021-12-11,0.15059651448536085,0.1632314707541584,99.02027247771824,99.30135845474761,-0.012634956268797543
Manglar,2021-12-11,2021-12-19,0.14960348238464957,0.16237636052775797,99.02027247771824,99.30135845474761,-0.012772878143108402
Manglar,2021-12-19,2021-12-27,0.14912975434703254,0.161891720588129,99.02027247771824,99.30135845474761,-0.012761966241096462
Manglar,2021-12-27,2022-01-01,0.15034907537629455,0.16531635915090775,99.02027247771824,99.30135845474761,-0.014967283774613205
Manglar,2022-01-01,2022-01-09,0.14856370789312628,0.16153248194259978,99.02027247771824,99.30135845474761,-0.012968774049473497
Manglar,2022-01-09,2022-01-17,0.15257674512154998,0.1691515552524158,92.61719708396458,99.30135845474761,-0.016574810130865814
Manglar,2022-01-17,2022-01-25,0.1520665952535623,0.1702015348952666,99.02027247771824,99.30135845474761,-0.01813493964170429
Manglar,2022-01-25,2022-02-02,0.15710534644972862,0.16540487576667326,99.02027247771824,99.30135845474761,-0.008299529316944637
Manglar,2022-02-02,2022-02-10,0.15245195852286092,0.16614460151099023,99.02027247771824,99.30135845474761,-0.013692642988129305
Manglar,2022-02-10,2022-02-18,0.15746917843750863,0.18142349798387633,99.02027247771824,99.30135845474761,-0.023954319546367703
Manglar,2022-02-18,2022-02-26,0.15878895569172605,0.1784857246026985,99.02027247771824,99.30135845474761,-0.01969676891097244
Manglar,2022-02-26,2022-03-06,0.16151235976991687,0.1784242453828324,99.02027247771824,99.30135845474761,-0.01691188561291554
Manglar,2022-03-06,2022-03-14,0.16663886931393238,0.18118759923744263,99.02027247771824,99.30135845474761,-0.01454872992351025
Manglar,2022-03-14,2022-03-22,0.17103828753434247,0.19405940918723283,99.02027247771824,99.30135845474761,-0.02302112165289036
Manglar,2022-03-22,2022-03-30,0.1645089084888729,0.19400118993192964,99.02027247771824,99.30135845474761,-0.02949228144305674
Manglar,2022-03-30,2022-04-07,0.1616762112111552,0.19175917467762715,99.02027247771824,99.30135845474761,-0.030082963466471963
Manglar,2022-04-07,2022-04-15,0.1389426048333931,0.1565359212674765,99.02027247771824,99.30135845474761,-0.017593316434083406
Manglar,2022-05-01,2022-05-09,0.13991367323588905,0.1469856553112296,99.02027247771824,99.30135845474761,-0.007071982075340544
Manglar,2022-05-17,2022-05-25,0.14231562818178695,0.16120061844101194,99.02027247771824,99.30135845474761,-0.018884990259224993
Manglar,2022-05-25,2022-06-02,0.14649662080644346,0.15498280729615385,99.02027247771824,99.30135845474761,-0.00848618648971039
Manglar,2022-07-04,2022-07-12,0.15539088525707967,0.16780092360138896,99.02027247771824,99.30135845474761,-0.012410038344309288
Manglar,2022-07-12,2022-07-20,0.15807366392724556,0.18126384437182855,99.02027247771824,99.30135845474761,-0.023190180444582986
Manglar,2022-08-29,2022-09-06,0.17990725946620523,0.20724242826513703,90.77448509222475,99.30135845474761,-0.027335168798931803
Manglar,2022-09-06,2022-09-14,0.16892223532316195,0.19917646023830418,84.7615213318512,99.30135845474761,-0.030254224915142236
Manglar,2022-09-14,2022-09-22,0.16213987141798367,0.18399966126536008,99.02027247771824,99.30135845474761,-0.02185978984737641
Manglar,2022-10-08,2022-10-16,0.15363128561208142,0.16785096683461373,99.02027247771824,99.30135845474761,-0.01421968122253231
Manglar,2022-10-16,2022-10-24,0.1531437779554045,0.17309585764682994,99.02027247771824,99.30135845474761,-0.019952079691425456
Manglar,2022-11-09,2022-11-17,0.15021553334138593,0.16405075445518918,99.02027247771824,99.30135845474761,-0.013835221113803253
Manglar,2022-12-03,2022-12-11,0.14528126412808764,0.16125427779954865,99.02027247771824,99.30135845474761,-0.015973013671461006
Manglar,2022-12-19,2022-12-27,0.1435363187657675,0.15642813610875927,99.02027247771824,99.30135845474761,-0.012891817342991774
Manglar,2022-12-27,2023-01-01,0.14402913948956086,0.156840198413473,99.02027247771824,99.30135845474761,-0.012811058923912128
Manglar,2023-01-01,2023-01-09,0.1435066003077254,0.15587148651650914,99.02027247771824,99.30135845474761,-0.012364886208783732
Manglar,2023-01-09,2023-01-17,0.14633609309487475,0.14607637980251192,99.02027247771824,99.30135845474761,0.00025971329236282314
Manglar,2023-01-17,2023-01-25,0.14072949655040887,0.15112349881152903,99.02027247771824,99.30135845474761,-0.010394002261120167
Manglar,2023-01-25,2023-02-02,0.14200448944959707,0.15598912479651794,99.02027247771824,99.30135845474761,-0.013984635346920876
Manglar,2023-02-02,2023-02-10,0.14606893701800536,0.16090919726217495,99.02027247771824,99.30135845474761,-0.014840260244169595
Manglar,2023-02-10,2023-02-18,0.1544726436042682,0.16961483200176802,99.02027247771824,99.30135845474761,-0.015142188397499812
Manglar,2023-02-18,2023-02-26,0.16017472616662876,0.17859717825117857,99.02027247771824,99.30135845474761,-0.018422452084549817
Manglar,2023-02-26,2023-03-06,0.1650104406915502,0.18609635479046407,99.02027247771824,99.30135845474761,-0.021085914098913888
Manglar,2023-03-14,2023-03-22,0.1763561855904266,0.20886931043558776,99.02027247771824,99.30135845474761,-0.03251312484516117
Manglar,2023-03-22,2023-03-30,0.17382054910595246,0.20019575367568979,99.02027247771824,99.30135845474761,-0.026375204569737326
Manglar,2023-03-30,2023-04-07,0.1786577697283009,0.19983076175524933,99.02027247771824,99.30135845474761,-0.021172992026948417
Manglar,2023-04-07,2023-04-15,0.18329375464032613,0.20394396292533318,99.02027247771824,99.30135845474761,-0.02065020828500705
Manglar,2023-05-01,2023-05-09,0.15776372310732706,0.16746107842557245,99.02027247771824,99.30135845474761,-0.009697355318245393
Manglar,2023-05-09,2023-05-17,0.16073965817113536,0.16920139162331208,99.02027247771824,99.30135845474761,-0.008461733452176712
Manglar,2023-05-17,2023-05-25,0.3977741166480557,0.13790955729124596,99.02027247771824,99.30135845474761,0.25986455935680974
Manglar,2023-05-25,2023-06-02,0.13183085435221273,0.14533985917459244,99.02027247771824,99.30135845474761,-0.013509004822379711
Manglar,2023-06-02,2023-06-10,0.15491876631676874,0.1729096331891757,98.70244646952384,99.30135845474761,-0.017990866872406974
Manglar,2023-06-10,2023-06-18,0.14363740643498882,0.15753067100476792,99.02027247771824,99.30135845474761,-0.013893264569779101
Manglar,2023-06-18,2023-06-26,0.16001536567030203,0.18415237919565625,99.02027247771824,99.30135845474761,-0.024137013525354217
Manglar,2023-06-26,2023-07-04,0.16593561629317066,0.18287086995198598,94.60923586824508,99.30135845474761,-0.01693525365881532
Manglar,2023-07-20,2023-07-28,0.16666279979316445,0.19579835523440764,99.02027247771824,99.30135845474761,-0.02913555544124319
Manglar,2023-07-28,2023-08-05,0.15038645093193934,0.18580484027955135,99.02027247771824,99.30135845474761,-0.03541838934761202
Manglar,2023-08-05,2023-08-13,0.1698284606766209,0.18829147995561185,99.02027247771824,99.30135845474761,-0.01846301927899094
Manglar,2023-08-13,2023-08-21,0.16793820122673248,0.20855645014765276,99.02027247771824,99.30135845474761,-0.04061824892092028
Manglar,2023-08-29,2023-09-06,0.16254957089088637,0.17612852481552566,99.02027247771824,99.30135845474761,-0.013578953924639287
Manglar,2023-09-14,2023-09-22,0.14655290229887658,0.17221157558955602,99.02027247771824,99.30135845474761,-0.025658673290679446
Manglar,2023-09-30,2023-10-08,0.11827978277032797,0.1269585634977539,99.02027247771824,99.30135845474761,-0.008678780727425922
Manglar,2023-10-24,2023-11-01,0.15968640831476297,0.17950902363773674,99.02027247771824,99.30135845474761,-0.019822615322973774
Manglar,2023-11-09,2023-11-17,0.15668679574076141,0.17569185699935105,99.02027247771824,99.30135845474761,-0.01900506125858964
Manglar,2023-11-17,2023-11-25,0.16050073734665454,0.17800811867532976,99.02027247771824,99.30135845474761,-0.017507381328675214
Manglar,2023-11-25,2023-12-03,0.16204651525492414,0.17775340419537858,99.02027247771824,99.30135845474761,-0.01570688894045444
Manglar,2023-12-03,2023-12-11,0.15572675390400295,0.16652631416624544,99.02027247771824,99.30135845474761,-0.010799560262242491
Manglar,2023-12-11,2023-12-19,0.15342884970511678,0.16978688426641075,99.02027247771824,99.30135845474761,-0.016358034561293977
Manglar,2023-12-19,2023-12-27,0.15097637051422153,0.17234886530542623,99.02027247771824,99.30135845474761,-0.021372494791204705
Manglar,2023-12-27,2024-01-01,0.1574248353123921,0.18535527966778856,92.98156532954906,99.30135845474761,-0.02793044435539646
Palma,2021-01-01,2021-01-09,0.1521912510702886,0.18876939677166485,99.84364301676337,99.30422502237963,-0.03657814570137624
Palma,2021-01-09,2021-01-17,0.15374966246154828,0.16115312749461658,99.84364301677358,99.30422502238977,-0.007403465033068296
Palma,2021-01-17,2021-01-25,0.15043920514678333,0.16540634017369307,99.84364301676337,99.30422502237963,-0.014967135026909745
Palma,2021-01-25,2021-02-02,0.14188025612103825,0.16970123650618896,99.84364301676337,99.30422502237963,-0.027820980385150712
Palma,2021-02-02,2021-02-10,0.15117074149371035,0.16809872584410995,99.84364301677358,99.30422502238977,-0.016927984350399605
Palma,2021-02-10,2021-02-18,0.15303251468060716,0.17370501332116417,99.84364301677358,99.30422502238977,-0.020672498640557008
Palma,2021-02-18,2021-02-26,0.1594717157464789,0.1773097743268858,99.84364301676337,99.30422502237963,-0.017838058580406907
Palma,2021-02-26,2021-03-06,0.15910644816398933,0.1821191336205089,99.84364301677358,99.30422502238977,-0.023012685456519577
Palma,2021-03-14,2021-03-22,0.16829062394259822,0.18814006209772197,99.84364301677358,99.30422502238977,-0.019849438155123744
Palma,2021-03-22,2021-03-30,0.16574509669295007,0.208507918368471,99.84364301676337,99.30422502237963,-0.04276282167552092
Palma,2021-04-23,2021-05-01,0.17288414132696425,0.19252571084524828,99.84364301677358,99.30422502238977,-0.019641569518284024
Palma,2021-05-01,2021-05-09,0.19127615184000676,0.21536109715966753,97.3544258158201,99.30422502237963,-0.024084945319660767
Palma,2021-06-26,2021-07-04,0.16984265617814018,0.18257828970128145,99.84364301676337,99.30422502237963,-0.012735633523141277
Palma,2021-07-04,2021-07-12,0.18290015680201244,0.2281000386052712,97.69328100974234,85.38452380389677,-0.04519988180325876
Palma,2021-07-12,2021-07-20,0.17561437577226555,0.1868295107583849,99.84364301676337,99.30422502237963,-0.01121513498611934
Palma,2021-07-20,2021-07-28,0.1729988815797768,0.19199470440761834,99.84364301677358,99.30422502238977,-0.01899582282784154
Palma,2021-07-28,2021-08-05,0.17924520226377447,0.19274043903561594,99.84364301676337,99.30422502237963,-0.013495236771841473
Palma,2021-09-22,2021-09-30,0.1735043381768272,0.1891264731736112,86.28785720500788,96.39209107485628,-0.015622134996783998
Palma,2021-11-17,2021-11-25,0.1581302102856719,0.17396571892898,99.84364301676337,99.30422502237963,-0.0158355086433081
Palma,2021-11-25,2021-12-03,0.1500198028493071,0.15661599106233576,99.84364301676337,99.30422502237963,-0.006596188213028653
Palma,2021-12-03,2021-12-11,0.15287592797566343,0.16318241138733847,99.84364301676337,99.30422502237963,-0.010306483411675033
Palma,2021-12-11,2021-12-19,0.15126865972050124,0.16277359946839118,99.84364301676337,99.30422502237963,-0.011504939747889936
Palma,2021-12-19,2021-12-27,0.15216980056447857,0.16355993039131483,99.84364301676337,99.30422502237963,-0.011390129826836265
Palma,2021-12-27,2022-01-01,0.15533916494881878,0.17050856503062006,99.84364301677358,99.30422502238977,-0.015169400081801288
Palma,2022-01-01,2022-01-09,0.15195606862434816,0.16367075738889095,99.84364301676337,99.30422502237963,-0.011714688764542791
Palma,2022-01-17,2022-01-25,0.15348528576501866,0.16537777047249277,99.84364301677358,99.30422502238977,-0.011892484707474116
Palma,2022-01-25,2022-02-02,0.1638771354514701,0.1705402122916526,99.84364301676337,99.30422502237963,-0.006663076840182497
Palma,2022-02-02,2022-02-10,0.1557298960981016,0.17266419342239706,99.84364301676337,99.30422502237963,-0.016934297324295466
Palma,2022-02-10,2022-02-18,0.15943270229622591,0.17871823702042688,99.84364301676337,99.30422502237963,-0.01928553472420097
Palma,2022-02-18,2022-02-26,0.15933901191882038,0.1823176260133668,99.84364301676337,99.30422502237963,-0.022978614094546407
Palma,2022-02-26,2022-03-06,0.16303867986621667,0.18348445683489942,99.84364301676337,99.30422502237963,-0.020445776968682744
Palma,2022-03-06,2022-03-14,0.1646449683245281,0.18420285891854773,99.84364301676337,99.30422502237963,-0.019557890594019633
Palma,2022-03-22,2022-03-30,0.1700719994553397,0.1992575198269839,99.84364301677358,99.30422502238977,-0.02918552037164418
Palma,2022-03-30,2022-04-07,0.17750061559170283,0.20912779638564521,99.84364301677358,99.30422502238977,-0.03162718079394239
Palma,2022-04-07,2022-04-15,0.16832050553519437,0.1979689093428555,99.84364301677358,99.30422502238977,-0.029648403807661122
Palma,2022-05-01,2022-05-09,0.17093976132535502,0.18359394219926264,99.84364301677358,99.30422502238977,-0.012654180873907628
Palma,2022-05-17,2022-05-25,0.16998899445753748,0.19334701512671293,99.84364301676337,99.30422502237963,-0.023358020669175444
Palma,2022-06-02,2022-06-10,0.17929936280524292,0.20264516005341873,99.84364301676337,96.39211267016404,-0.023345797248175815
Palma,2022-09-30,2022-10-08,0.16203262396429588,0.1865409145312109,80.38598795069443,99.30422502237963,-0.02450829056691503
Palma,2022-10-24,2022-11-01,0.16053959665905604,0.17841964005747682,99.84364301676337,99.30422502237963,-0.01788004339842078
Palma,2022-11-17,2022-11-25,0.1764376941916402,0.17293981613324327,99.84364301676337,87.92260973985861,0.003497878058396936
Palma,2022-12-03,2022-12-11,0.15320362455332429,0.16336692436757722,99.84364301676337,99.30422502237963,-0.01016329981425293
Palma,2022-12-11,2022-12-19,0.15303326561248662,0.17010897308494874,99.84364301677358,99.30422502238977,-0.01707570747246212
Palma,2022-12-19,2022-12-27,0.14839460054087913,0.16026965802207785,99.84364301677358,99.30422502238977,-0.011875057481198714
Palma,2022-12-27,2023-01-01,0.14840527854164318,0.16082172548718376,99.84364301676337,99.30422502237963,-0.012416446945540588
Palma,2023-01-01,2023-01-09,0.14966187676201503,0.17794645620082286,99.84364301676337,99.30422502237963,-0.028284579438807828
Palma,2023-01-09,2023-01-17,0.15128495892617463,0.15558292102938265,99.84364301676337,99.30422502237963,-0.004297962103208014
Palma,2023-01-17,2023-01-25,0.14789381316105443,0.16049332523869028,99.84364301677358,99.30422502238977,-0.01259951207763585
Palma,2023-01-25,2023-02-02,0.1490441983785411,0.16643400785013912,99.84364301677358,99.30422502238977,-0.017389809471598017
Palma,2023-02-02,2023-02-10,0.1509988830544273,0.16638302052863377,99.84364301676337,99.30422502237963,-0.015384137474206472
Palma,2023-02-10,2023-02-18,0.15158610447193996,0.1688692632165297,99.84364301676337,99.30422502237963,-0.017283158744589744
Palma,2023-02-18,2023-02-26,0.15349066145901216,0.17089412478665655,99.84364301676337,99.30422502237963,-0.017403463327644392
Palma,2023-02-26,2023-03-06,0.15361158573566752,0.17290394377328883,99.84364301676337,99.30422502237963,-0.019292358037621304
Palma,2023-03-14,2023-03-22,0.1618548173619636,0.19876718036895227,99.84364301677358,99.30422502238977,-0.03691236300698866
Palma,2023-03-22,2023-03-30,0.16220995294711643,0.18694106164406588,99.84364301676337,99.30422502237963,-0.024731108696949444
Palma,2023-03-30,2023-04-07,0.16410488118357466,0.1859135665418791,99.84364301676337,99.30422502237963,-0.021808685358304436
Palma,2023-04-23,2023-05-01,0.17500168223538534,0.20264730081335425,99.76174002417116,98.66755017924605,-0.027645618577968906
Palma,2023-05-01,2023-05-09,0.1693839914468448,0.18663994405153117,99.84364301676337,99.30422502237963,-0.017255952604686375
Palma,2023-05-09,2023-05-17,0.16734695963108148,0.1834033085754006,99.84364301677358,99.30422502238977,-0.01605634894431912
Palma,2023-06-10,2023-06-18,0.18260743466216958,0.21373048391950067,99.84364301676337,99.30422502237963,-0.031123049257331087
Palma,2023-06-18,2023-06-26,0.1698471297662789,0.18376533195175138,99.84364301677358,99.30422502238977,-0.013918202185472489
Palma,2023-07-20,2023-07-28,0.16999203934700646,0.1854517006945246,99.84364301676337,99.30422502237963,-0.015459661347518139
Palma,2023-07-28,2023-08-05,0.17263308612502806,0.1848538662877865,99.84364301676337,99.30422502237963,-0.012220780162758432
Palma,2023-08-05,2023-08-13,0.17278640698849018,0.18647612828791843,99.84364301677358,99.30422502238977,-0.013689721299428248
Palma,2023-09-14,2023-09-22,0.17137093545074397,0.19260304674943313,99.84364301676337,99.30422502237963,-0.021232111298689155
Palma,2023-09-30,2023-10-08,0.15965458308859787,0.1853881322202083,99.84364301676337,99.30422502237963,-0.02573354913161044
Palma,2023-11-09,2023-11-17,0.16025032013155963,0.17177850003820166,99.84364301676337,99.30422502237963,-0.011528179906642039
Palma,2023-11-17,2023-11-25,0.15833770233434208,0.16924762598053913,99.84364301676337,99.30422502237963,-0.010909923646197056
Palma,2023-12-03,2023-12-11,0.15738555184994985,0.16282300592264157,99.84364301677358,99.30422502238977,-0.005437454072691722
Palma,2023-12-11,2023-12-19,0.15522062182629168,0.1672220321899441,99.84364301676337,99.30422502237963,-0.012001410363652432
Palma,2023-12-19,2023-12-27,0.14929362580794034,0.16320783964120575,99.84364301676337,99.30422502237963,-0.01391421383326541
Palma,2023-12-27,2024-01-01,0.16188094547377568,0.17732208244215786,99.84364301676337,99.30422502237963,-0.015441136968382174
Pastos limpios,2021-01-01,2021-01-09,0.1453095024932581,0.1579225705977082,99.82205471792155,99.30446564787574,-0.012613068104450093
Pastos limpios,2021-01-09,2021-01-17,0.17245259547447414,0.22530395138846976,95.06098151471153,99.30446564784161,-0.05285135591399562
Pastos limpios,2021-01-17,2021-01-25,0.1546979772550933,0.16929403944423926,99.82205471792155,99.30446564787574,-0.01459606218914597
Pastos limpios,2021-01-25,2021-02-02,0.1593819120488342,0.1798096265656954,99.82205471792155,99.30446564787574,-0.020427714516861206
Pastos limpios,2021-02-02,2021-02-10,0.16376093144166354,0.18173772711565767,99.82205471788723,99.30446564784161,-0.017976795673994128
Pastos limpios,2021-02-10,2021-02-18,0.16912644514864944,0.19453389885339414,99.82205471788723,99.30446564784161,-0.025407453704744704
Pastos limpios,2021-02-18,2021-02-26,0.17469993827526414,0.19275117090147995,99.82205471792155,99.30446564787574,-0.018051232626215802
Pastos limpios,2021-02-26,2021-03-06,0.17829050783222153,0.20062626261538902,99.82205471788723,99.30446564784161,-0.02233575478316749
Pastos limpios,2021-03-14,2021-03-22,0.1859097223320536,0.21336265646268177,99.82205471788723,99.30446564784161,-0.02745293413062816
Pastos limpios,2021-03-22,2021-03-30,0.19071934870959836,0.21697628997766175,99.82205471792155,99.30446564787574,-0.026256941268063383
Pastos limpios,2021-04-23,2021-05-01,0.1662207867178914,0.1852719661428723,99.82205471788723,99.30446564784161,-0.019051179424980913
Pastos limpios,2021-05-01,2021-05-09,0.17268931858828646,0.18830121797783597,99.82205471792155,99.30446564787574,-0.015611899389549516
Pastos limpios,2021-06-10,2021-06-18,0.16224717661994179,0.17402883710532216,81.52915863689951,98.97474754026464,-0.011781660485380374
Pastos limpios,2021-07-04,2021-07-12,0.1552631571162585,0.17158375796952507,92.87873298041436,99.30446564784161,-0.016320600853266587
Pastos limpios,2021-07-12,2021-07-20,0.1574681103569624,0.16931214414766413,99.69841196191469,99.30446564787574,-0.01184403379070173
Pastos limpios,2021-07-20,2021-07-28,0.16202444621031437,0.17748136253375413,99.82205471788723,99.30446564784161,-0.015456916323439762
Pastos limpios,2021-07-28,2021-08-05,0.14726819139885533,0.1602541670768688,99.82205471792155,99.30446564787574,-0.012985975678013462
Pastos limpios,2021-08-05,2021-08-13,0.15136586682401276,0.16621239093263732,97.36523778880392,99.30446564784161,-0.014846524108624554
Pastos limpios,2021-09-22,2021-09-30,0.13705210828475506,0.15023421267871004,98.18417604488128,99.30446564787574,-0.01318210439395498
Pastos limpios,2021-10-24,2021-11-01,0.13222565883613185,0.13679566334642138,99.82205471788723,84.28447038832368,-0.0045700045102895215
Pastos limpios,2021-11-09,2021-11-17,0.14642805119512353,0.16063835702537912,98.07499756310698,99.30446564784161,-0.014210305830255593
Pastos limpios,2021-11-17,2021-11-25,0.14510095940827195,0.16565905389445934,99.82205471792155,99.30446564787574,-0.020558094486187395
Pastos limpios,2021-11-25,2021-12-03,0.12787136750985498,0.13527133534005686,99.82205471792155,99.30446564787574,-0.007399967830201887
Pastos limpios,2021-12-03,2021-12-11,0.14382808521095852,0.1522985274845027,99.82205471792155,99.30446564787574,-0.008470442273544182
Pastos limpios,2021-12-11,2021-12-19,0.14227991089681347,0.1533486609813541,99.82205471792155,99.30446564787574,-0.01106875008454064
Pastos limpios,2021-12-19,2021-12-27,0.14640001432242755,0.1605408348327097,99.82205471792155,99.30446564787574,-0.014140820510282148
Pastos limpios,2021-12-27,2022-01-01,0.1502178752957485,0.16137958942344438,99.82205471788723,99.30446564784161,-0.011161714127695871
Pastos limpios,2022-01-01,2022-01-09,0.1503126911195807,0.16107087791895405,99.82205471792155,99.30446564787574,-0.010758186799373348
Pastos limpios,2022-01-09,2022-01-17,0.15600144822455472,0.16716778477420396,99.82205471788723,99.30446564784161,-0.011166336549649242
Pastos limpios,2022-01-17,2022-01-25,0.15893472260006403,0.16561854260696784,99.82205471788723,99.30446564784161,-0.006683820006903818
Pastos limpios,2022-01-25,2022-02-02,0.15966399810748377,0.17083334402403788,99.82205471792155,99.30446564787574,-0.011169345916554108
Pastos limpios,2022-02-02,2022-02-10,0.16194485432028255,0.1768591362397779,99.82205471792155,99.30446564787574,-0.014914281919495342
Pastos limpios,2022-02-10,2022-02-18,0.16525634078217322,0.18560008151459095,99.82205471792155,99.30446564787574,-0.020343740732417737
Pastos limpios,2022-02-18,2022-02-26,0.1676797227941359,0.18826531609897876,99.82205471792155,99.30446564787574,-0.02058559330484286
Pastos limpios,2022-02-26,2022-03-06,0.17127716823126535,0.18899432313609713,99.82205471792155,99.30446564787574,-0.017717154904831778
Pastos limpios,2022-03-06,2022-03-14,0.1419909018534051,0.18882683777297665,99.82205471792155,99.30446564787574,-0.04683593591957155
Pastos limpios,2022-03-14,2022-03-22,0.15300451742104662,0.17364343866314333,99.82205471788723,99.30446564784161,-0.02063892124209671
Pastos limpios,2022-03-22,2022-03-30,0.1706275236131748,0.20487937585775823,99.82205471788723,99.30446564784161,-0.034251852244583436
Pastos limpios,2022-04-07,2022-04-15,0.14832608725104768,0.16921510504165216,99.82205471788723,99.30446564784161,-0.02088901779060448
Pastos limpios,2022-04-15,2022-04-23,0.14065782358118736,0.18883485114957407,99.82205471792155,99.30446564787574,-0.04817702756838671
Pastos limpios,2022-05-01,2022-05-09,0.14218732679647972,0.16275122081656612,99.82205471788723,99.30446564784161,-0.020563894020086404
Pastos limpios,2022-05-17,2022-05-25,0.13681531806419261,0.1611367762747383,99.82205471792155,99.30446564787574,-0.024321458210545682
Pastos limpios,2022-05-25,2022-06-02,0.14350152028180313,0.15215307391056104,99.82205471788723,99.30446564784161,-0.008651553628757913
Pastos limpios,2022-06-26,2022-07-04,0.10667632072873635,0.10529951307654255,99.82205471792155,97.27051188545869,0.0013768076521938066
Pastos limpios,2022-08-13,2022-08-21,0.13587999245198254,0.17433518322943253,99.82205471788723,99.30446564784161,-0.038455190777449993
Pastos limpios,2022-10-08,2022-10-16,0.13048979153298554,0.13186545672787123,87.45604169351195,99.30446564787574,-0.001375665194885689
Pastos limpios,2022-10-24,2022-11-01,0.11228693595208009,0.13635386245565395,99.82205471792155,99.30446564787574,-0.024066926503573866
Pastos limpios,2022-12-03,2022-12-11,0.12033640448538033,0.13757052113185925,99.82205471792155,99.30446564787574,-0.01723411664647892
Pastos limpios,2022-12-11,2022-12-19,0.12744736151654404,0.1581585383235152,99.82205471788723,99.30446564784161,-0.030711176806971163
Pastos limpios,2022-12-19,2022-12-27,0.12926077832960708,0.14829278717297856,99.82205471788723,99.30446564784161,-0.019032008843371473
Pastos limpios,2022-12-27,2023-01-01,0.13152444760421866,0.15170298186156742,99.82205471792155,99.30446564787574,-0.02017853425734875
Pastos limpios,2023-01-01,2023-01-09,0.13543472267018813,0.151983468856058,99.82205471792155,99.30446564787574,-0.016548746185869878
Pastos limpios,2023-01-09,2023-01-17,0.13720914872340417,0.14395928007491557,99.82205471792155,99.30446564787574,-0.006750131351511396
Pastos limpios,2023-01-17,2023-01-25,0.13633754679141827,0.15619642542455264,99.82205471788723,99.30446564784161,-0.019858878633134375
Pastos limpios,2023-01-25,2023-02-02,0.1504883645144031,0.17359415561877395,99.82205471788723,99.30446564784161,-0.02310579110437086
Pastos limpios,2023-02-02,2023-02-10,0.1574359928454099,0.17783134747663082,99.82205471792155,99.30446564787574,-0.020395354631220913
Pastos limpios,2023-02-10,2023-02-18,0.16293366788846234,0.18366788988575555,99.82205471792155,99.30446564787574,-0.020734221997293217
Pastos limpios,2023-02-18,2023-02-26,0.16953725199593142,0.19066019323834585,99.82205471792155,99.30446564787574,-0.021122941242414428
Pastos limpios,2023-02-26,2023-03-06,0.1743573577913725,0.19760826034909074,99.82205471792155,99.30446564787574,-0.023250902557718223
Pastos limpios,2023-03-14,2023-03-22,0.15457983861780386,0.19916391944922246,96.87387132981851,99.30446564784161,-0.0445840808314186
Pastos limpios,2023-03-22,2023-03-30,0.1664478038886205,0.19763057200203685,99.82205471792155,99.30446564787574,-0.03118276811341636
Pastos limpios,2023-03-30,2023-04-07,0.17860956796799332,0.20540129616049005,99.82205471792155,99.30446564787574,-0.026791728192496728
Pastos limpios,2023-04-07,2023-04-15,0.18609928217077512,0.22160507728582737,99.82205471788723,99.30446564784161,-0.03550579511505225
Pastos limpios,2023-04-15,2023-04-23,0.17817910338280152,0.19927966328824737,99.82205471788723,99.30446564784161,-0.021100559905445848
Pastos limpios,2023-04-23,2023-05-01,0.19848919549368735,0.23282339296106502,99.82205471792155,99.30446564787574,-0.034334197467377675
Pastos limpios,2023-05-01,2023-05-09,0.17994376236441434,0.1955860805536297,99.82205471792155,99.30446564787574,-0.015642318189215354
Pastos limpios,2023-05-09,2023-05-17,0.17954770446434065,0.19526803679922275,99.82205471788723,99.30446564784161,-0.015720332334882098
Pastos limpios,2023-05-17,2023-05-25,0.13994686134786968,0.1573998699623706,99.66950858212255,99.30446564787574,-0.017453008614500914
Pastos limpios,2023-07-12,2023-07-20,0.1625246552289786,0.16214739999769498,99.82205471792155,99.30446564787574,0.00037725523128362415
Pastos limpios,2023-07-20,2023-07-28,0.15006738575291925,0.17082563278864088,99.82205471792155,99.30446564787574,-0.020758247035721628
Pastos limpios,2023-07-28,2023-08-05,0.1522795949704713,0.16728007428635733,99.82205471792155,99.30446564787574,-0.015000479315886023
Pastos limpios,2023-08-05,2023-08-13,0.1624513250517059,0.17856874843193116,99.82205471788723,99.30446564784161,-0.01611742338022526
Pastos limpios,2023-09-14,2023-09-22,0.1657354627009622,0.18962349929512246,99.82205471792155,99.30446564787574,-0.02388803659416025
Pastos limpios,2023-09-30,2023-10-08,0.16840051936331332,0.17781984733707062,99.82205471792155,99.30446564787574,-0.009419327973757302
Pastos limpios,2023-10-08,2023-10-16,0.15284552282420955,0.17816825320238694,96.96539526746433,99.30446564787574,-0.025322730378177394
Pastos limpios,2023-11-09,2023-11-17,0.1330071946792679,0.15722209825938557,99.82205471792155,99.30446564787574,-0.024214903580117686
Pastos limpios,2023-11-17,2023-11-25,0.1379350517294058,0.15048748636016998,99.82205471792155,99.30446564787574,-0.012552434630764192
Pastos limpios,2023-11-25,2023-12-03,0.14733517794210288,0.16218376310558597,99.82205471792155,99.30446564787574,-0.014848585163483086
Pastos limpios,2023-12-03,2023-12-11,0.1473015283459858,0.1565974973150655,99.82205471788723,99.30446564784161,-0.009295968969079693
Pastos limpios,2023-12-11,2023-12-19,0.14906141508537019,0.16533360571916902,99.82205471792155,99.30446564787574,-0.01627219063379884
Pastos limpios,2023-12-19,2023-12-27,0.15827918291331883,0.17292835530228431,99.82205471792155,99.30446564787574,-0.014649172388965487
