station_id,station,date,etgage_daily_raw,sight_tube_reading_raw,value_status,within_installation_window,before_installation,after_removal,date_status,source_file,source_sheet,source_row,source_formula_etgage
ST01,Clean pasture,2022-03-01,0.0,0.0,zero,False,True,False,explicit_month_day,Datos ETP In situ.xlsx,Pastos Limpios,3.0,
ST01,Clean pasture,2022-03-02,0.0,0.0,zero,False,True,False,explicit_month_day,Datos ETP In situ.xlsx,Pastos Limpios,4.0,
ST01,Clean pasture,2022-03-03,0.0,0.0,zero,False,True,False,explicit_month_day,Datos ETP In situ.xlsx,Pastos Limpios,5.0,
ST01,Clean pasture,2022-03-04,0.0,0.0,zero,False,True,False,explicit_month_day,Datos ETP In situ.xlsx,Pastos Limpios,6.0,
ST01,Clean pasture,2022-03-05,0.0,0.0,zero,False,True,False,explicit_month_day,Datos ETP In situ.xlsx,Pastos Limpios,7.0,
ST01,Clean pasture,2022-03-06,0.0,0.0,zero,False,True,False,explicit_month_day,Datos ETP In situ.xlsx,Pastos Limpios,8.0,
ST01,Clean pasture,2022-03-07,0.0,0.0,zero,False,True,False,explicit_month_day,Datos ETP In situ.xlsx,Pastos Limpios,9.0,
ST01,Clean pasture,2022-03-08,0.0,0.0,zero,False,True,False,explicit_month_day,Datos ETP In situ.xlsx,Pastos Limpios,10.0,
ST01,Clean pasture,2022-03-09,0.0,0.0,zero,False,True,False,explicit_month_day,Datos ETP In situ.xlsx,Pastos Limpios,11.0,
ST01,Clean pasture,2022-03-10,0.2,0.0,observed_positive,True,False,False,explicit_month_day,Datos ETP In situ.xlsx,Pastos Limpios,12.0,E13-E1:E12
ST01,Clean pasture,2022-03-11,0.4999999999999999,0.2,observed_positive,True,False,False,explicit_month_day,Datos ETP In situ.xlsx,Pastos Limpios,13.0,E14-E12:E13
ST01,Clean pasture,2022-03-12,0.3,0.7,observed_positive,True,False,False,explicit_month_day,Datos ETP In situ.xlsx,Pastos Limpios,14.0,E15-E13:E14
ST01,Clean pasture,2022-03-13,0.3,1.0,observed_positive,True,False,False,explicit_month_day,Datos ETP In situ.xlsx,Pastos Limpios,15.0,E16-E14:E15
ST01,Clean pasture,2022-03-14,0.1999999999999999,1.3,observed_positive,True,False,False,explicit_month_day,Datos ETP In situ.xlsx,Pastos Limpios,16.0,E17-E15:E16
ST01,Clean pasture,2022-03-15,0.1999999999999999,1.5,observed_positive,True,False,False,explicit_month_day,Datos ETP In situ.xlsx,Pastos Limpios,17.0,
ST01,Clean pasture,2022-03-16,0.7,1.7,observed_positive,True,False,False,explicit_month_day,Datos ETP In situ.xlsx,Pastos Limpios,18.0,E19-E17:E18
ST01,Clean pasture,2022-03-17,0.2000000000000001,2.4,observed_positive,True,False,False,explicit_month_day,Datos ETP In situ.xlsx,Pastos Limpios,19.0,
ST01,Clean pasture,2022-03-18,0.2999999999999998,2.6,observed_positive,True,False,False,explicit_month_day,Datos ETP In situ.xlsx,Pastos Limpios,20.0,
ST01,Clean pasture,2022-03-19,0.3999999999999999,2.9,observed_positive,True,False,False,explicit_month_day,Datos ETP In situ.xlsx,Pastos Limpios,21.0,E22-E20:E21
ST01,Clean pasture,2022-03-20,0.4000000000000003,3.3,observed_positive,True,False,False,explicit_month_day,Datos ETP In situ.xlsx,Pastos Limpios,22.0,
ST01,Clean pasture,2022-03-21,0.1999999999999997,3.7,observed_positive,True,False,False,explicit_month_day,Datos ETP In situ.xlsx,Pastos Limpios,23.0,
ST01,Clean pasture,2022-03-22,0.6000000000000001,3.9,observed_positive,True,False,False,explicit_month_day,Datos ETP In situ.xlsx,Pastos Limpios,24.0,
ST01,Clean pasture,2022-03-23,0.5,4.5,observed_positive,True,False,False,explicit_month_day,Datos ETP In situ.xlsx,Pastos Limpios,25.0,
ST01,Clean pasture,2022-03-24,0.2999999999999998,5.0,observed_positive,True,False,False,explicit_month_day,Datos ETP In situ.xlsx,Pastos Limpios,26.0,
ST01,Clean pasture,2022-03-25,0.2000000000000001,5.3,observed_positive,True,False,False,explicit_month_day,Datos ETP In situ.xlsx,Pastos Limpios,27.0,E28-E26:E27
ST01,Clean pasture,2022-03-26,0.2000000000000001,5.5,observed_positive,True,False,False,explicit_month_day,Datos ETP In situ.xlsx,Pastos Limpios,28.0,
ST01,Clean pasture,2022-03-27,0.2000000000000001,5.7,observed_positive,True,False,False,explicit_month_day,Datos ETP In situ.xlsx,Pastos Limpios,29.0,
ST01,Clean pasture,2022-03-28,0.2999999999999998,5.9,observed_positive,True,False,False,explicit_month_day,Datos ETP In situ.xlsx,Pastos Limpios,30.0,
ST01,Clean pasture,2022-03-29,0.3999999999999994,6.2,observed_positive,True,False,False,explicit_month_day,Datos ETP In situ.xlsx,Pastos Limpios,31.0,
ST01,Clean pasture,2022-03-30,0.7000000000000002,6.6,observed_positive,True,False,False,explicit_month_day,Datos ETP In situ.xlsx,Pastos Limpios,32.0,
ST01,Clean pasture,2022-03-31,0.7000000000000002,7.3,observed_positive,True,False,False,explicit_month_day,Datos ETP In situ.xlsx,Pastos Limpios,33.0,E33-E32
ST01,Clean pasture,2022-04-01,0.6000000000000005,7.9,observed_positive,True,False,False,explicit_month_day,Datos ETP In situ.xlsx,Pastos Limpios,34.0,
ST01,Clean pasture,2022-04-02,0.2999999999999989,8.2,observed_positive,True,False,False,explicit_month_day,Datos ETP In situ.xlsx,Pastos Limpios,35.0,
ST01,Clean pasture,2022-04-03,0.5,8.7,observed_positive,True,False,False,explicit_month_day,Datos ETP In situ.xlsx,Pastos Limpios,36.0,
ST01,Clean pasture,2022-04-04,0.5,9.2,observed_positive,True,False,False,explicit_month_day,Datos ETP In situ.xlsx,Pastos Limpios,37.0,
ST01,Clean pasture,2022-04-05,0.4000000000000003,9.6,observed_positive,True,False,False,explicit_month_day,Datos ETP In situ.xlsx,Pastos Limpios,38.0,
ST01,Clean pasture,2022-04-06,1.0,10.6,observed_positive,True,False,False,explicit_month_day,Datos ETP In situ.xlsx,Pastos Limpios,39.0,
ST01,Clean pasture,2022-04-07,0.3000000000000007,10.9,observed_positive,True,False,False,explicit_month_day,Datos ETP In situ.xlsx,Pastos Limpios,40.0,
ST01,Clean pasture,2022-04-08,0.5,11.4,observed_positive,True,False,False,explicit_month_day,Datos ETP In situ.xlsx,Pastos Limpios,41.0,
ST01,Clean pasture,2022-04-09,0.5,11.9,observed_positive,True,False,False,explicit_month_day,Datos ETP In situ.xlsx,Pastos Limpios,42.0,
ST01,Clean pasture,2022-04-10,0.6999999999999993,12.6,observed_positive,True,False,False,explicit_month_day,Datos ETP In situ.xlsx,Pastos Limpios,43.0,
ST01,Clean pasture,2022-04-11,0.3000000000000007,12.9,observed_positive,True,False,False,explicit_month_day,Datos ETP In situ.xlsx,Pastos Limpios,44.0,
ST01,Clean pasture,2022-04-12,1.0,13.9,observed_positive,True,False,False,explicit_month_day,Datos ETP In situ.xlsx,Pastos Limpios,45.0,
ST01,Clean pasture,2022-04-13,0.7999999999999989,14.7,observed_positive,True,False,False,explicit_month_day,Datos ETP In situ.xlsx,Pastos Limpios,46.0,
ST01,Clean pasture,2022-04-14,0.8000000000000007,15.5,observed_positive,True,False,False,explicit_month_day,Datos ETP In situ.xlsx,Pastos Limpios,47.0,
ST01,Clean pasture,2022-04-15,0.4000000000000003,15.9,observed_positive,True,False,False,explicit_month_day,Datos ETP In situ.xlsx,Pastos Limpios,48.0,
ST01,Clean pasture,2022-04-16,0.5999999999999996,16.5,observed_positive,True,False,False,explicit_month_day,Datos ETP In situ.xlsx,Pastos Limpios,49.0,
ST01,Clean pasture,2022-04-17,0.3999999999999986,16.9,observed_positive,True,False,False,explicit_month_day,Datos ETP In situ.xlsx,Pastos Limpios,50.0,
ST01,Clean pasture,2022-04-18,0.7000000000000028,17.6,observed_positive,True,False,False,explicit_month_day,Datos ETP In situ.xlsx,Pastos Limpios,51.0,
ST01,Clean pasture,2022-04-19,0.2999999999999971,17.9,observed_positive,True,False,False,explicit_month_day,Datos ETP In situ.xlsx,Pastos Limpios,52.0,
ST01,Clean pasture,2022-04-20,0.4000000000000021,18.3,observed_positive,True,False,False,explicit_month_day,Datos ETP In situ.xlsx,Pastos Limpios,53.0,
ST01,Clean pasture,2022-04-21,0.0,18.3,zero,True,False,False,explicit_month_day,Datos ETP In situ.xlsx,Pastos Limpios,54.0,
ST01,Clean pasture,2022-04-22,0.5,18.8,observed_positive,True,False,False,explicit_month_day,Datos ETP In situ.xlsx,Pastos Limpios,55.0,
ST01,Clean pasture,2022-04-23,0.3999999999999986,19.2,observed_positive,True,False,False,explicit_month_day,Datos ETP In situ.xlsx,Pastos Limpios,56.0,
ST01,Clean pasture,2022-04-24,0.3000000000000007,19.5,observed_positive,True,False,False,explicit_month_day,Datos ETP In situ.xlsx,Pastos Limpios,57.0,
ST01,Clean pasture,2022-04-25,0.3000000000000007,19.8,observed_positive,True,False,False,explicit_month_day,Datos ETP In situ.xlsx,Pastos Limpios,58.0,
ST01,Clean pasture,2022-04-26,0.3999999999999986,20.2,observed_positive,True,False,False,explicit_month_day,Datos ETP In situ.xlsx,Pastos Limpios,59.0,
ST01,Clean pasture,2022-04-27,0.4000000000000021,20.6,observed_positive,True,False,False,explicit_month_day,Datos ETP In situ.xlsx,Pastos Limpios,60.0,
ST01,Clean pasture,2022-04-28,0.5999999999999979,21.2,observed_positive,True,False,False,explicit_month_day,Datos ETP In situ.xlsx,Pastos Limpios,61.0,
ST01,Clean pasture,2022-04-29,0.1999999999999993,21.4,observed_positive,True,False,False,explicit_month_day,Datos ETP In situ.xlsx,Pastos Limpios,62.0,
ST01,Clean pasture,2022-04-30,0.4000000000000021,21.8,observed_positive,True,False,False,explicit_month_day,Datos ETP In situ.xlsx,Pastos Limpios,63.0,
ST01,Clean pasture,2022-05-01,0.3999999999999986,22.2,observed_positive,True,False,False,explicit_month_day,Datos ETP In situ.xlsx,Pastos Limpios,64.0,
ST01,Clean pasture,2022-05-02,0.3000000000000007,22.5,observed_positive,True,False,False,explicit_month_day,Datos ETP In situ.xlsx,Pastos Limpios,65.0,
ST01,Clean pasture,2022-05-03,,,missing,True,False,False,explicit_month_day,Datos ETP In situ.xlsx,Pastos Limpios,66.0,
ST01,Clean pasture,2022-05-04,,,missing,True,False,False,explicit_month_day,Datos ETP In situ.xlsx,Pastos Limpios,67.0,
ST01,Clean pasture,2022-05-05,,,missing,True,False,False,explicit_month_day,Datos ETP In situ.xlsx,Pastos Limpios,68.0,
ST01,Clean pasture,2022-05-06,,,missing,True,False,False,explicit_month_day,Datos ETP In situ.xlsx,Pastos Limpios,69.0,
ST01,Clean pasture,2022-05-07,,,missing,True,False,False,explicit_month_day,Datos ETP In situ.xlsx,Pastos Limpios,70.0,
ST01,Clean pasture,2022-05-08,,,missing,True,False,False,explicit_month_day,Datos ETP In situ.xlsx,Pastos Limpios,71.0,
ST01,Clean pasture,2022-05-09,,,missing,True,False,False,explicit_month_day,Datos ETP In situ.xlsx,Pastos Limpios,72.0,
ST01,Clean pasture,2022-05-10,,,missing,True,False,False,explicit_month_day,Datos ETP In situ.xlsx,Pastos Limpios,73.0,
ST01,Clean pasture,2022-05-11,0.2,0.0,observed_positive,True,False,False,explicit_month_day,Datos ETP In situ.xlsx,Pastos Limpios,74.0,E75-E74
ST01,Clean pasture,2022-05-12,0.0999999999999999,0.2,observed_positive,True,False,False,explicit_month_day,Datos ETP In situ.xlsx,Pastos Limpios,75.0,E76-E75
ST01,Clean pasture,2022-05-13,0.2,0.3,observed_positive,True,False,False,explicit_month_day,Datos ETP In situ.xlsx,Pastos Limpios,76.0,
ST01,Clean pasture,2022-05-14,0.8,0.5,observed_positive,True,False,False,explicit_month_day,Datos ETP In situ.xlsx,Pastos Limpios,77.0,
ST01,Clean pasture,2022-05-15,0.1999999999999999,1.3,observed_positive,True,False,False,explicit_month_day,Datos ETP In situ.xlsx,Pastos Limpios,78.0,
ST01,Clean pasture,2022-05-16,0.1999999999999999,1.5,observed_positive,True,False,False,explicit_month_day,Datos ETP In situ.xlsx,Pastos Limpios,79.0,
ST01,Clean pasture,2022-05-17,0.3,1.7,observed_positive,True,False,False,explicit_month_day,Datos ETP In situ.xlsx,Pastos Limpios,80.0,
ST01,Clean pasture,2022-05-18,0.2000000000000001,2.0,observed_positive,True,False,False,explicit_month_day,Datos ETP In situ.xlsx,Pastos Limpios,81.0,
ST01,Clean pasture,2022-05-19,0.1999999999999997,2.2,observed_positive,True,False,False,explicit_month_day,Datos ETP In situ.xlsx,Pastos Limpios,82.0,
ST01,Clean pasture,2022-05-20,0.3000000000000002,2.4,observed_positive,True,False,False,explicit_month_day,Datos ETP In situ.xlsx,Pastos Limpios,83.0,
ST01,Clean pasture,2022-05-21,0.5,2.7,observed_positive,True,False,False,explicit_month_day,Datos ETP In situ.xlsx,Pastos Limpios,84.0,
ST01,Clean pasture,2022-05-22,0.2999999999999998,3.2,observed_positive,True,False,False,explicit_month_day,Datos ETP In situ.xlsx,Pastos Limpios,85.0,
ST01,Clean pasture,2022-05-23,0.2999999999999998,3.5,observed_positive,True,False,False,explicit_month_day,Datos ETP In situ.xlsx,Pastos Limpios,86.0,
ST01,Clean pasture,2022-05-24,1.1000000000000003,3.8,observed_positive,True,False,False,explicit_month_day,Datos ETP In situ.xlsx,Pastos Limpios,87.0,
ST01,Clean pasture,2022-05-25,0.0,4.9,zero,True,False,False,explicit_month_day,Datos ETP In situ.xlsx,Pastos Limpios,88.0,
ST01,Clean pasture,2022-05-26,0.0999999999999996,4.9,observed_positive,True,False,False,explicit_month_day,Datos ETP In situ.xlsx,Pastos Limpios,89.0,
ST01,Clean pasture,2022-05-27,0.2999999999999998,5.0,observed_positive,True,False,False,explicit_month_day,Datos ETP In situ.xlsx,Pastos Limpios,90.0,
ST01,Clean pasture,2022-05-28,0.2999999999999998,5.3,observed_positive,True,False,False,explicit_month_day,Datos ETP In situ.xlsx,Pastos Limpios,91.0,
ST01,Clean pasture,2022-05-29,0.6000000000000005,5.6,observed_positive,True,False,False,explicit_month_day,Datos ETP In situ.xlsx,Pastos Limpios,92.0,
ST01,Clean pasture,2022-05-30,0.2999999999999998,6.2,observed_positive,True,False,False,explicit_month_day,Datos ETP In situ.xlsx,Pastos Limpios,93.0,
ST01,Clean pasture,2022-05-31,0.4000000000000003,6.5,observed_positive,True,False,False,explicit_month_day,Datos ETP In situ.xlsx,Pastos Limpios,94.0,
ST01,Clean pasture,2022-06-01,0.5,6.9,observed_positive,True,False,False,explicit_month_day,Datos ETP In situ.xlsx,Pastos Limpios,95.0,
ST01,Clean pasture,2022-06-02,0.3999999999999994,7.4,observed_positive,True,False,False,explicit_month_day,Datos ETP In situ.xlsx,Pastos Limpios,96.0,
ST01,Clean pasture,2022-06-03,0.5000000000000009,7.8,observed_positive,True,False,False,explicit_month_day,Datos ETP In situ.xlsx,Pastos Limpios,97.0,
ST01,Clean pasture,2022-06-04,0.1999999999999993,8.3,observed_positive,True,False,False,explicit_month_day,Datos ETP In situ.xlsx,Pastos Limpios,98.0,
ST01,Clean pasture,2022-06-05,0.3000000000000007,8.5,observed_positive,True,False,False,explicit_month_day,Datos ETP In situ.xlsx,Pastos Limpios,99.0,
ST01,Clean pasture,2022-06-06,0.0999999999999996,8.8,observed_positive,True,False,False,explicit_month_day,Datos ETP In situ.xlsx,Pastos Limpios,100.0,
ST01,Clean pasture,2022-06-07,0.2999999999999989,8.9,observed_positive,True,False,False,explicit_month_day,Datos ETP In situ.xlsx,Pastos Limpios,101.0,
ST01,Clean pasture,2022-06-08,0.3000000000000007,9.2,observed_positive,True,False,False,explicit_month_day,Datos ETP In situ.xlsx,Pastos Limpios,102.0,E103-E102
ST01,Clean pasture,2022-06-09,0.3000000000000007,9.5,observed_positive,True,False,False,explicit_month_day,Datos ETP In situ.xlsx,Pastos Limpios,103.0,
ST01,Clean pasture,2022-06-10,,9.8,missing,True,False,False,inferred_sequential,Datos ETP In situ.xlsx,Pastos Limpios,104.0,
ST01,Clean pasture,2022-06-11,,,missing,True,False,False,calendar_no_source_row,,,,
ST01,Clean pasture,2022-06-12,,,missing,True,False,False,calendar_no_source_row,,,,
ST01,Clean pasture,2022-06-13,,,missing,True,False,False,calendar_no_source_row,,,,
ST01,Clean pasture,2022-06-14,,,missing,True,False,False,calendar_no_source_row,,,,
ST01,Clean pasture,2022-06-15,,,missing,True,False,False,calendar_no_source_row,,,,
ST01,Clean pasture,2022-06-16,,,missing,True,False,False,calendar_no_source_row,,,,
ST01,Clean pasture,2022-06-17,,,missing,True,False,False,calendar_no_source_row,,,,
ST01,Clean pasture,2022-06-18,,,missing,True,False,False,calendar_no_source_row,,,,
ST01,Clean pasture,2022-06-19,,,missing,True,False,False,calendar_no_source_row,,,,
ST01,Clean pasture,2022-06-20,,,missing,True,False,False,calendar_no_source_row,,,,
ST01,Clean pasture,2022-06-21,,,missing,True,False,False,calendar_no_source_row,,,,
ST01,Clean pasture,2022-06-22,,,missing,True,False,False,calendar_no_source_row,,,,
ST01,Clean pasture,2022-06-23,,,missing,True,False,False,calendar_no_source_row,,,,
ST01,Clean pasture,2022-06-24,,,missing,True,False,False,calendar_no_source_row,,,,
ST01,Clean pasture,2022-06-25,,,missing,True,False,False,calendar_no_source_row,,,,
ST01,Clean pasture,2022-06-26,,,missing,True,False,False,calendar_no_source_row,,,,
ST01,Clean pasture,2022-06-27,,,missing,True,False,False,calendar_no_source_row,,,,
ST01,Clean pasture,2022-06-28,,,missing,True,False,False,calendar_no_source_row,,,,
ST01,Clean pasture,2022-06-29,,,missing,True,False,False,calendar_no_source_row,,,,
ST01,Clean pasture,2022-06-30,,,missing,True,False,False,calendar_no_source_row,,,,
ST01,Clean pasture,2022-07-01,,,missing,True,False,False,calendar_no_source_row,,,,
ST02,Oil palm,2022-03-01,0.0,0.0,zero,False,True,False,explicit_month_day,Datos ETP In situ.xlsx,Palmera,3.0,
ST02,Oil palm,2022-03-02,0.0,0.0,zero,False,True,False,explicit_month_day,Datos ETP In situ.xlsx,Palmera,4.0,
ST02,Oil palm,2022-03-03,0.0,0.0,zero,False,True,False,explicit_month_day,Datos ETP In situ.xlsx,Palmera,5.0,
ST02,Oil palm,2022-03-04,0.0,0.0,zero,False,True,False,explicit_month_day,Datos ETP In situ.xlsx,Palmera,6.0,
ST02,Oil palm,2022-03-05,0.0,0.0,zero,False,True,False,explicit_month_day,Datos ETP In situ.xlsx,Palmera,7.0,
ST02,Oil palm,2022-03-06,0.0,0.0,zero,False,True,False,explicit_month_day,Datos ETP In situ.xlsx,Palmera,8.0,
ST02,Oil palm,2022-03-07,0.0,0.0,zero,False,True,False,explicit_month_day,Datos ETP In situ.xlsx,Palmera,9.0,
ST02,Oil palm,2022-03-08,0.0,0.0,zero,False,True,False,explicit_month_day,Datos ETP In situ.xlsx,Palmera,10.0,
ST02,Oil palm,2022-03-09,0.0,0.0,zero,False,True,False,explicit_month_day,Datos ETP In situ.xlsx,Palmera,11.0,
ST02,Oil palm,2022-03-10,0.0,0.0,zero,False,True,False,explicit_month_day,Datos ETP In situ.xlsx,Palmera,12.0,
ST02,Oil palm,2022-03-11,0.3,0.0,observed_positive,True,False,False,explicit_month_day,Datos ETP In situ.xlsx,Palmera,13.0,E14-E13
ST02,Oil palm,2022-03-12,0.0,0.3,zero,True,False,False,explicit_month_day,Datos ETP In situ.xlsx,Palmera,14.0,
ST02,Oil palm,2022-03-13,0.2,0.3,observed_positive,True,False,False,explicit_month_day,Datos ETP In situ.xlsx,Palmera,15.0,
ST02,Oil palm,2022-03-14,0.5,0.5,observed_positive,True,False,False,explicit_month_day,Datos ETP In situ.xlsx,Palmera,16.0,E17-E16
ST02,Oil palm,2022-03-15,0.3,1.0,observed_positive,True,False,False,explicit_month_day,Datos ETP In situ.xlsx,Palmera,17.0,E18-E17
ST02,Oil palm,2022-03-16,0.1999999999999999,1.3,observed_positive,True,False,False,explicit_month_day,Datos ETP In situ.xlsx,Palmera,18.0,
ST02,Oil palm,2022-03-17,0.3999999999999999,1.5,observed_positive,True,False,False,explicit_month_day,Datos ETP In situ.xlsx,Palmera,19.0,
ST02,Oil palm,2022-03-18,0.3999999999999999,1.9,observed_positive,True,False,False,explicit_month_day,Datos ETP In situ.xlsx,Palmera,20.0,
ST02,Oil palm,2022-03-19,0.2000000000000001,2.3,observed_positive,True,False,False,explicit_month_day,Datos ETP In situ.xlsx,Palmera,21.0,E22-E21
ST02,Oil palm,2022-03-20,0.7999999999999998,2.5,observed_positive,True,False,False,explicit_month_day,Datos ETP In situ.xlsx,Palmera,22.0,
ST02,Oil palm,2022-03-21,1.2999999999999998,3.3,observed_positive,True,False,False,explicit_month_day,Datos ETP In situ.xlsx,Palmera,23.0,
ST02,Oil palm,2022-03-22,1.1000000000000003,4.6,observed_positive,True,False,False,explicit_month_day,Datos ETP In situ.xlsx,Palmera,24.0,
ST02,Oil palm,2022-03-23,0.5,5.7,observed_positive,True,False,False,explicit_month_day,Datos ETP In situ.xlsx,Palmera,25.0,
ST02,Oil palm,2022-03-24,,6.2,missing,True,False,False,explicit_month_day,Datos ETP In situ.xlsx,Palmera,26.0,
ST02,Oil palm,2022-03-25,,,missing,True,False,False,explicit_month_day,Datos ETP In situ.xlsx,Palmera,27.0,
ST02,Oil palm,2022-03-26,0.2000000000000001,6.5,observed_positive,True,False,False,explicit_month_day,Datos ETP In situ.xlsx,Palmera,28.0,
ST02,Oil palm,2022-03-27,0.5,6.7,observed_positive,True,False,False,explicit_month_day,Datos ETP In situ.xlsx,Palmera,29.0,
ST02,Oil palm,2022-03-28,0.2000000000000001,7.2,observed_positive,True,False,False,explicit_month_day,Datos ETP In situ.xlsx,Palmera,30.0,
ST02,Oil palm,2022-03-29,0.2999999999999998,7.4,observed_positive,True,False,False,explicit_month_day,Datos ETP In situ.xlsx,Palmera,31.0,
ST02,Oil palm,2022-03-30,0.2999999999999998,7.7,observed_positive,True,False,False,explicit_month_day,Datos ETP In situ.xlsx,Palmera,32.0,
ST02,Oil palm,2022-03-31,0.9000000000000004,8.0,observed_positive,True,False,False,explicit_month_day,Datos ETP In situ.xlsx,Palmera,33.0,
ST02,Oil palm,2022-04-01,0.0999999999999996,8.9,observed_positive,True,False,False,explicit_month_day,Datos ETP In situ.xlsx,Palmera,34.0,
ST02,Oil palm,2022-04-02,1.0,9.0,observed_positive,True,False,False,explicit_month_day,Datos ETP In situ.xlsx,Palmera,35.0,
ST02,Oil palm,2022-04-03,0.1999999999999993,10.0,observed_positive,True,False,False,explicit_month_day,Datos ETP In situ.xlsx,Palmera,36.0,
ST02,Oil palm,2022-04-04,0.1000000000000014,10.2,observed_positive,True,False,False,explicit_month_day,Datos ETP In situ.xlsx,Palmera,37.0,
ST02,Oil palm,2022-04-05,0.0,10.3,zero,True,False,False,explicit_month_day,Datos ETP In situ.xlsx,Palmera,38.0,
ST02,Oil palm,2022-04-06,1.0,10.3,observed_positive,True,False,False,explicit_month_day,Datos ETP In situ.xlsx,Palmera,39.0,
ST02,Oil palm,2022-04-07,0.1999999999999993,11.3,observed_positive,True,False,False,explicit_month_day,Datos ETP In situ.xlsx,Palmera,40.0,
ST02,Oil palm,2022-04-08,0.5999999999999996,11.5,observed_positive,True,False,False,explicit_month_day,Datos ETP In situ.xlsx,Palmera,41.0,
ST02,Oil palm,2022-04-09,0.4000000000000003,12.1,observed_positive,True,False,False,explicit_month_day,Datos ETP In situ.xlsx,Palmera,42.0,
ST02,Oil palm,2022-04-10,0.0,12.5,zero,True,False,False,explicit_month_day,Datos ETP In situ.xlsx,Palmera,43.0,
ST02,Oil palm,2022-04-11,0.5999999999999996,12.5,observed_positive,True,False,False,explicit_month_day,Datos ETP In situ.xlsx,Palmera,44.0,
ST02,Oil palm,2022-04-12,0.5999999999999996,13.1,observed_positive,True,False,False,explicit_month_day,Datos ETP In situ.xlsx,Palmera,45.0,
ST02,Oil palm,2022-04-13,0.8000000000000007,13.7,observed_positive,True,False,False,explicit_month_day,Datos ETP In situ.xlsx,Palmera,46.0,
ST02,Oil palm,2022-04-14,0.3000000000000007,14.5,observed_positive,True,False,False,explicit_month_day,Datos ETP In situ.xlsx,Palmera,47.0,
ST02,Oil palm,2022-04-15,0.6999999999999993,14.8,observed_positive,True,False,False,explicit_month_day,Datos ETP In situ.xlsx,Palmera,48.0,
ST02,Oil palm,2022-04-16,0.4000000000000003,15.5,observed_positive,True,False,False,explicit_month_day,Datos ETP In situ.xlsx,Palmera,49.0,
ST02,Oil palm,2022-04-17,0.0999999999999996,15.9,observed_positive,True,False,False,explicit_month_day,Datos ETP In situ.xlsx,Palmera,50.0,
ST02,Oil palm,2022-04-18,0.5,16.0,observed_positive,True,False,False,explicit_month_day,Datos ETP In situ.xlsx,Palmera,51.0,
ST02,Oil palm,2022-04-19,,16.5,missing,True,False,False,explicit_month_day,Datos ETP In situ.xlsx,Palmera,52.0,
ST02,Oil palm,2022-04-20,0.1,0.0,observed_positive,True,False,False,explicit_month_day,Datos ETP In situ.xlsx,Palmera,53.0,
ST02,Oil palm,2022-04-21,0.0,0.1,zero,True,False,False,explicit_month_day,Datos ETP In situ.xlsx,Palmera,54.0,
ST02,Oil palm,2022-04-22,0.0,0.1,zero,True,False,False,explicit_month_day,Datos ETP In situ.xlsx,Palmera,55.0,
ST02,Oil palm,2022-04-23,0.1,0.1,observed_positive,True,False,False,explicit_month_day,Datos ETP In situ.xlsx,Palmera,56.0,
ST02,Oil palm,2022-04-24,0.2,0.2,observed_positive,True,False,False,explicit_month_day,Datos ETP In situ.xlsx,Palmera,57.0,
ST02,Oil palm,2022-04-25,0.7999999999999999,0.4,observed_positive,True,False,False,explicit_month_day,Datos ETP In situ.xlsx,Palmera,58.0,
ST02,Oil palm,2022-04-26,0.1999999999999999,1.2,observed_positive,True,False,False,explicit_month_day,Datos ETP In situ.xlsx,Palmera,59.0,
ST02,Oil palm,2022-04-27,0.1,1.4,observed_positive,True,False,False,explicit_month_day,Datos ETP In situ.xlsx,Palmera,60.0,
ST02,Oil palm,2022-04-28,0.0,1.5,zero,True,False,False,explicit_month_day,Datos ETP In situ.xlsx,Palmera,61.0,
ST02,Oil palm,2022-04-29,0.1999999999999999,1.5,observed_positive,True,False,False,explicit_month_day,Datos ETP In situ.xlsx,Palmera,62.0,
ST02,Oil palm,2022-04-30,0.4000000000000001,1.7,observed_positive,True,False,False,explicit_month_day,Datos ETP In situ.xlsx,Palmera,63.0,
ST02,Oil palm,2022-05-01,0.0,2.1,zero,True,False,False,explicit_month_day,Datos ETP In situ.xlsx,Palmera,64.0,E65-E64
ST02,Oil palm,2022-05-02,0.6000000000000001,2.1,observed_positive,True,False,False,explicit_month_day,Datos ETP In situ.xlsx,Palmera,65.0,
ST02,Oil palm,2022-05-03,0.2999999999999998,2.7,observed_positive,True,False,False,explicit_month_day,Datos ETP In situ.xlsx,Palmera,66.0,
ST02,Oil palm,2022-05-04,0.1,3.0,observed_positive,True,False,False,explicit_month_day,Datos ETP In situ.xlsx,Palmera,67.0,
ST02,Oil palm,2022-05-05,0.0,3.1,zero,True,False,False,explicit_month_day,Datos ETP In situ.xlsx,Palmera,68.0,
ST02,Oil palm,2022-05-06,0.0,3.1,zero,True,False,False,explicit_month_day,Datos ETP In situ.xlsx,Palmera,69.0,
ST02,Oil palm,2022-05-07,0.1,3.1,observed_positive,True,False,False,explicit_month_day,Datos ETP In situ.xlsx,Palmera,70.0,
ST02,Oil palm,2022-05-08,0.0999999999999996,3.2,observed_positive,True,False,False,explicit_month_day,Datos ETP In situ.xlsx,Palmera,71.0,
ST02,Oil palm,2022-05-09,0.0,3.3,zero,True,False,False,explicit_month_day,Datos ETP In situ.xlsx,Palmera,72.0,
ST02,Oil palm,2022-05-10,0.7999999999999998,3.3,observed_positive,True,False,False,explicit_month_day,Datos ETP In situ.xlsx,Palmera,73.0,
ST02,Oil palm,2022-05-11,0.4000000000000003,4.1,observed_positive,True,False,False,explicit_month_day,Datos ETP In situ.xlsx,Palmera,74.0,E75-E74
ST02,Oil palm,2022-05-12,0.4000000000000003,4.5,observed_positive,True,False,False,explicit_month_day,Datos ETP In situ.xlsx,Palmera,75.0,E76-E75
ST02,Oil palm,2022-05-13,0.1999999999999993,4.9,observed_positive,True,False,False,explicit_month_day,Datos ETP In situ.xlsx,Palmera,76.0,E77-E76
ST02,Oil palm,2022-05-14,0.2000000000000001,5.1,observed_positive,True,False,False,explicit_month_day,Datos ETP In situ.xlsx,Palmera,77.0,
ST02,Oil palm,2022-05-15,0.1000000000000005,5.3,observed_positive,True,False,False,explicit_month_day,Datos ETP In situ.xlsx,Palmera,78.0,
ST02,Oil palm,2022-05-16,0.0999999999999996,5.4,observed_positive,True,False,False,explicit_month_day,Datos ETP In situ.xlsx,Palmera,79.0,
ST02,Oil palm,2022-05-17,0.0999999999999996,5.5,observed_positive,True,False,False,explicit_month_day,Datos ETP In situ.xlsx,Palmera,80.0,
ST02,Oil palm,2022-05-18,0.3000000000000007,5.6,observed_positive,True,False,False,explicit_month_day,Datos ETP In situ.xlsx,Palmera,81.0,
ST02,Oil palm,2022-05-19,0.0999999999999996,5.9,observed_positive,True,False,False,explicit_month_day,Datos ETP In situ.xlsx,Palmera,82.0,
ST02,Oil palm,2022-05-20,0.5,6.0,observed_positive,True,False,False,explicit_month_day,Datos ETP In situ.xlsx,Palmera,83.0,
ST02,Oil palm,2022-05-21,0.4000000000000003,6.5,observed_positive,True,False,False,explicit_month_day,Datos ETP In situ.xlsx,Palmera,84.0,
ST02,Oil palm,2022-05-22,0.1999999999999993,6.9,observed_positive,True,False,False,explicit_month_day,Datos ETP In situ.xlsx,Palmera,85.0,
ST02,Oil palm,2022-05-23,0.3000000000000007,7.1,observed_positive,True,False,False,explicit_month_day,Datos ETP In situ.xlsx,Palmera,86.0,
ST02,Oil palm,2022-05-24,0.2999999999999998,7.4,observed_positive,True,False,False,explicit_month_day,Datos ETP In situ.xlsx,Palmera,87.0,
ST02,Oil palm,2022-05-25,0.2000000000000001,7.7,observed_positive,True,False,False,explicit_month_day,Datos ETP In situ.xlsx,Palmera,88.0,
ST02,Oil palm,2022-05-26,0.9000000000000004,7.9,observed_positive,True,False,False,explicit_month_day,Datos ETP In situ.xlsx,Palmera,89.0,
ST02,Oil palm,2022-05-27,0.5,8.8,observed_positive,True,False,False,explicit_month_day,Datos ETP In situ.xlsx,Palmera,90.0,
ST02,Oil palm,2022-05-28,0.2999999999999989,9.3,observed_positive,True,False,False,explicit_month_day,Datos ETP In situ.xlsx,Palmera,91.0,
ST02,Oil palm,2022-05-29,0.0999999999999996,9.6,observed_positive,True,False,False,explicit_month_day,Datos ETP In situ.xlsx,Palmera,92.0,
ST02,Oil palm,2022-05-30,0.1000000000000014,9.7,observed_positive,True,False,False,explicit_month_day,Datos ETP In situ.xlsx,Palmera,93.0,
ST02,Oil palm,2022-05-31,0.2999999999999989,9.8,observed_positive,True,False,False,explicit_month_day,Datos ETP In situ.xlsx,Palmera,94.0,E95-E94
ST02,Oil palm,2022-06-01,0.7000000000000011,10.1,observed_positive,True,False,False,explicit_month_day,Datos ETP In situ.xlsx,Palmera,95.0,
ST02,Oil palm,2022-06-02,0.0,10.8,zero,True,False,False,explicit_month_day,Datos ETP In situ.xlsx,Palmera,96.0,
ST02,Oil palm,2022-06-03,0.0,10.8,zero,True,False,False,explicit_month_day,Datos ETP In situ.xlsx,Palmera,97.0,
ST02,Oil palm,2022-06-04,0.0,10.8,zero,True,False,False,explicit_month_day,Datos ETP In situ.xlsx,Palmera,98.0,
ST02,Oil palm,2022-06-05,0.0,10.8,zero,True,False,False,explicit_month_day,Datos ETP In situ.xlsx,Palmera,99.0,
ST02,Oil palm,2022-06-06,0.0,10.8,zero,True,False,False,explicit_month_day,Datos ETP In situ.xlsx,Palmera,100.0,
ST02,Oil palm,2022-06-07,0.0,10.8,zero,True,False,False,explicit_month_day,Datos ETP In situ.xlsx,Palmera,101.0,
ST02,Oil palm,2022-06-08,0.0,10.8,zero,True,False,False,explicit_month_day,Datos ETP In situ.xlsx,Palmera,102.0,
ST02,Oil palm,2022-06-09,0.1999999999999993,10.8,observed_positive,True,False,False,explicit_month_day,Datos ETP In situ.xlsx,Palmera,103.0,
ST02,Oil palm,2022-06-10,0.0,11.0,zero,True,False,False,explicit_month_day,Datos ETP In situ.xlsx,Palmera,104.0,E105-E104
ST02,Oil palm,2022-06-11,0.0,11.0,zero,True,False,False,explicit_month_day,Datos ETP In situ.xlsx,Palmera,105.0,E106-E105
ST02,Oil palm,2022-06-12,0.0,11.0,zero,True,False,False,explicit_month_day,Datos ETP In situ.xlsx,Palmera,106.0,
ST02,Oil palm,2022-06-13,0.0,11.0,zero,True,False,False,explicit_month_day,Datos ETP In situ.xlsx,Palmera,107.0,
ST02,Oil palm,2022-06-14,0.1999999999999993,11.0,observed_positive,True,False,False,explicit_month_day,Datos ETP In situ.xlsx,Palmera,108.0,
ST02,Oil palm,2022-06-15,0.3000000000000007,11.2,observed_positive,True,False,False,explicit_month_day,Datos ETP In situ.xlsx,Palmera,109.0,
ST02,Oil palm,2022-06-16,0.3000000000000007,11.5,observed_positive,True,False,False,explicit_month_day,Datos ETP In situ.xlsx,Palmera,110.0,
ST02,Oil palm,2022-06-17,0.1999999999999993,11.8,observed_positive,True,False,False,explicit_month_day,Datos ETP In situ.xlsx,Palmera,111.0,
ST02,Oil palm,2022-06-18,0.1999999999999993,12.0,observed_positive,True,False,False,explicit_month_day,Datos ETP In situ.xlsx,Palmera,112.0,
ST02,Oil palm,2022-06-19,0.3000000000000007,12.2,observed_positive,True,False,False,explicit_month_day,Datos ETP In situ.xlsx,Palmera,113.0,
ST02,Oil palm,2022-06-20,0.3000000000000007,12.5,observed_positive,True,False,False,explicit_month_day,Datos ETP In situ.xlsx,Palmera,114.0,
ST02,Oil palm,2022-06-21,0.0999999999999996,12.8,observed_positive,True,False,False,explicit_month_day,Datos ETP In situ.xlsx,Palmera,115.0,
ST02,Oil palm,2022-06-22,0.1999999999999993,12.9,observed_positive,True,False,False,explicit_month_day,Datos ETP In situ.xlsx,Palmera,116.0,
ST02,Oil palm,2022-06-23,0.0,13.1,zero,True,False,False,explicit_month_day,Datos ETP In situ.xlsx,Palmera,117.0,
ST02,Oil palm,2022-06-24,0.0999999999999996,13.1,observed_positive,True,False,False,explicit_month_day,Datos ETP In situ.xlsx,Palmera,118.0,
ST02,Oil palm,2022-06-25,0.0,13.2,zero,True,False,False,explicit_month_day,Datos ETP In situ.xlsx,Palmera,119.0,
ST02,Oil palm,2022-06-26,0.0,13.2,zero,True,False,False,explicit_month_day,Datos ETP In situ.xlsx,Palmera,120.0,
ST02,Oil palm,2022-06-27,0.1000000000000014,13.2,observed_positive,True,False,False,explicit_month_day,Datos ETP In situ.xlsx,Palmera,121.0,
ST02,Oil palm,2022-06-28,0.0,13.3,zero,True,False,False,explicit_month_day,Datos ETP In situ.xlsx,Palmera,122.0,
ST02,Oil palm,2022-06-29,0.0999999999999996,13.3,observed_positive,True,False,False,explicit_month_day,Datos ETP In situ.xlsx,Palmera,123.0,
ST02,Oil palm,2022-06-30,0.0,13.4,zero,True,False,False,explicit_month_day,Datos ETP In situ.xlsx,Palmera,124.0,
ST02,Oil palm,2022-07-01,,13.4,missing,True,False,False,inferred_sequential,Datos ETP In situ.xlsx,Palmera,125.0,
ST03,Banana,2022-03-01,0.0,0.0,zero,False,True,False,explicit_month_day,Datos ETP In situ.xlsx,Banana,3.0,
ST03,Banana,2022-03-02,0.0,0.0,zero,False,True,False,explicit_month_day,Datos ETP In situ.xlsx,Banana,4.0,
ST03,Banana,2022-03-03,0.0,0.0,zero,False,True,False,explicit_month_day,Datos ETP In situ.xlsx,Banana,5.0,
ST03,Banana,2022-03-04,0.0,0.0,zero,False,True,False,explicit_month_day,Datos ETP In situ.xlsx,Banana,6.0,
ST03,Banana,2022-03-05,0.0,0.0,zero,False,True,False,explicit_month_day,Datos ETP In situ.xlsx,Banana,7.0,
ST03,Banana,2022-03-06,0.0,0.0,zero,False,True,False,explicit_month_day,Datos ETP In situ.xlsx,Banana,8.0,
ST03,Banana,2022-03-07,0.0,0.0,zero,False,True,False,explicit_month_day,Datos ETP In situ.xlsx,Banana,9.0,
ST03,Banana,2022-03-08,0.0,0.0,zero,False,True,False,explicit_month_day,Datos ETP In situ.xlsx,Banana,10.0,
ST03,Banana,2022-03-09,0.0,0.0,zero,False,True,False,explicit_month_day,Datos ETP In situ.xlsx,Banana,11.0,
ST03,Banana,2022-03-10,0.0,0.0,zero,False,True,False,explicit_month_day,Datos ETP In situ.xlsx,Banana,12.0,
ST03,Banana,2022-03-11,0.2,0.0,observed_positive,True,False,False,explicit_month_day,Datos ETP In situ.xlsx,Banana,13.0,E14-E13
ST03,Banana,2022-03-12,0.4999999999999999,0.2,observed_positive,True,False,False,explicit_month_day,Datos ETP In situ.xlsx,Banana,14.0,E15-E14
ST03,Banana,2022-03-13,0.5,0.7,observed_positive,True,False,False,explicit_month_day,Datos ETP In situ.xlsx,Banana,15.0,E16-E15
ST03,Banana,2022-03-14,0.6000000000000001,1.2,observed_positive,True,False,False,explicit_month_day,Datos ETP In situ.xlsx,Banana,16.0,
ST03,Banana,2022-03-15,0.4999999999999998,1.8,observed_positive,True,False,False,explicit_month_day,Datos ETP In situ.xlsx,Banana,17.0,
ST03,Banana,2022-03-16,0.6000000000000001,2.3,observed_positive,True,False,False,explicit_month_day,Datos ETP In situ.xlsx,Banana,18.0,
ST03,Banana,2022-03-17,0.5,2.9,observed_positive,True,False,False,explicit_month_day,Datos ETP In situ.xlsx,Banana,19.0,
ST03,Banana,2022-03-18,0.5,3.4,observed_positive,True,False,False,explicit_month_day,Datos ETP In situ.xlsx,Banana,20.0,
ST03,Banana,2022-03-19,0.5000000000000004,3.9,observed_positive,True,False,False,explicit_month_day,Datos ETP In situ.xlsx,Banana,21.0,
ST03,Banana,2022-03-20,0.5,4.4,observed_positive,True,False,False,explicit_month_day,Datos ETP In situ.xlsx,Banana,22.0,
ST03,Banana,2022-03-21,0.5,4.9,observed_positive,True,False,False,explicit_month_day,Datos ETP In situ.xlsx,Banana,23.0,
ST03,Banana,2022-03-22,0.5999999999999996,5.4,observed_positive,True,False,False,explicit_month_day,Datos ETP In situ.xlsx,Banana,24.0,
ST03,Banana,2022-03-23,0.7000000000000002,6.0,observed_positive,True,False,False,explicit_month_day,Datos ETP In situ.xlsx,Banana,25.0,
ST03,Banana,2022-03-24,0.5999999999999996,6.7,observed_positive,True,False,False,explicit_month_day,Datos ETP In situ.xlsx,Banana,26.0,
ST03,Banana,2022-03-25,0.6000000000000005,7.3,observed_positive,True,False,False,explicit_month_day,Datos ETP In situ.xlsx,Banana,27.0,
ST03,Banana,2022-03-26,0.5,7.9,observed_positive,True,False,False,explicit_month_day,Datos ETP In situ.xlsx,Banana,28.0,
ST03,Banana,2022-03-27,0.2999999999999989,8.4,observed_positive,True,False,False,explicit_month_day,Datos ETP In situ.xlsx,Banana,29.0,
ST03,Banana,2022-03-28,0.3000000000000007,8.7,observed_positive,True,False,False,explicit_month_day,Datos ETP In situ.xlsx,Banana,30.0,
ST03,Banana,2022-03-29,0.4000000000000003,9.0,observed_positive,True,False,False,explicit_month_day,Datos ETP In situ.xlsx,Banana,31.0,
ST03,Banana,2022-03-30,0.4000000000000003,9.4,observed_positive,True,False,False,explicit_month_day,Datos ETP In situ.xlsx,Banana,32.0,
ST03,Banana,2022-03-31,0.5,9.8,observed_positive,True,False,False,explicit_month_day,Datos ETP In situ.xlsx,Banana,33.0,
ST03,Banana,2022-04-01,0.2999999999999989,10.3,observed_positive,True,False,False,explicit_month_day,Datos ETP In situ.xlsx,Banana,34.0,
ST03,Banana,2022-04-02,0.3000000000000007,10.6,observed_positive,True,False,False,explicit_month_day,Datos ETP In situ.xlsx,Banana,35.0,
ST03,Banana,2022-04-03,0.6999999999999993,10.9,observed_positive,True,False,False,explicit_month_day,Datos ETP In situ.xlsx,Banana,36.0,
ST03,Banana,2022-04-04,0.7000000000000011,11.6,observed_positive,True,False,False,explicit_month_day,Datos ETP In situ.xlsx,Banana,37.0,
ST03,Banana,2022-04-05,0.5999999999999996,12.3,observed_positive,True,False,False,explicit_month_day,Datos ETP In situ.xlsx,Banana,38.0,
ST03,Banana,2022-04-06,0.5999999999999996,12.9,observed_positive,True,False,False,explicit_month_day,Datos ETP In situ.xlsx,Banana,39.0,
ST03,Banana,2022-04-07,0.5,13.5,observed_positive,True,False,False,explicit_month_day,Datos ETP In situ.xlsx,Banana,40.0,
ST03,Banana,2022-04-08,0.4000000000000003,14.0,observed_positive,True,False,False,explicit_month_day,Datos ETP In situ.xlsx,Banana,41.0,
ST03,Banana,2022-04-09,0.5999999999999996,14.4,observed_positive,True,False,False,explicit_month_day,Datos ETP In situ.xlsx,Banana,42.0,
ST03,Banana,2022-04-10,0.5,15.0,observed_positive,True,False,False,explicit_month_day,Datos ETP In situ.xlsx,Banana,43.0,E44-E43
ST03,Banana,2022-04-11,0.5,15.5,observed_positive,True,False,False,explicit_month_day,Datos ETP In situ.xlsx,Banana,44.0,E45-I44
ST03,Banana,2022-04-12,0.8,0.5,observed_positive,True,False,False,explicit_month_day,Datos ETP In situ.xlsx,Banana,45.0,E46-E45
ST03,Banana,2022-04-13,0.5999999999999999,1.3,observed_positive,True,False,False,explicit_month_day,Datos ETP In situ.xlsx,Banana,46.0,
ST03,Banana,2022-04-14,0.6000000000000001,1.9,observed_positive,True,False,False,explicit_month_day,Datos ETP In situ.xlsx,Banana,47.0,
ST03,Banana,2022-04-15,0.7000000000000002,2.5,observed_positive,True,False,False,explicit_month_day,Datos ETP In situ.xlsx,Banana,48.0,
ST03,Banana,2022-04-16,0.5999999999999996,3.2,observed_positive,True,False,False,explicit_month_day,Datos ETP In situ.xlsx,Banana,49.0,
ST03,Banana,2022-04-17,0.7000000000000002,3.8,observed_positive,True,False,False,explicit_month_day,Datos ETP In situ.xlsx,Banana,50.0,
ST03,Banana,2022-04-18,0.4000000000000003,4.5,observed_positive,True,False,False,explicit_month_day,Datos ETP In situ.xlsx,Banana,51.0,
ST03,Banana,2022-04-19,0.5,4.9,observed_positive,True,False,False,explicit_month_day,Datos ETP In situ.xlsx,Banana,52.0,
ST03,Banana,2022-04-20,0.5,5.4,observed_positive,True,False,False,explicit_month_day,Datos ETP In situ.xlsx,Banana,53.0,
ST03,Banana,2022-04-21,0.3999999999999994,5.9,observed_positive,True,False,False,explicit_month_day,Datos ETP In situ.xlsx,Banana,54.0,
ST03,Banana,2022-04-22,0.2999999999999998,6.3,observed_positive,True,False,False,explicit_month_day,Datos ETP In situ.xlsx,Banana,55.0,
ST03,Banana,2022-04-23,0.3000000000000007,6.6,observed_positive,True,False,False,explicit_month_day,Datos ETP In situ.xlsx,Banana,56.0,
ST03,Banana,2022-04-24,0.3999999999999994,6.9,observed_positive,True,False,False,explicit_month_day,Datos ETP In situ.xlsx,Banana,57.0,
ST03,Banana,2022-04-25,0.5,7.3,observed_positive,True,False,False,explicit_month_day,Datos ETP In situ.xlsx,Banana,58.0,
ST03,Banana,2022-04-26,0.3999999999999994,7.8,observed_positive,True,False,False,explicit_month_day,Datos ETP In situ.xlsx,Banana,59.0,
ST03,Banana,2022-04-27,0.4000000000000003,8.2,observed_positive,True,False,False,explicit_month_day,Datos ETP In situ.xlsx,Banana,60.0,
ST03,Banana,2022-04-28,0.4000000000000003,8.6,observed_positive,True,False,False,explicit_month_day,Datos ETP In situ.xlsx,Banana,61.0,
ST03,Banana,2022-04-29,0.3000000000000007,9.0,observed_positive,True,False,False,explicit_month_day,Datos ETP In situ.xlsx,Banana,62.0,
ST03,Banana,2022-04-30,0.5,9.3,observed_positive,True,False,False,explicit_month_day,Datos ETP In situ.xlsx,Banana,63.0,
ST03,Banana,2022-05-01,0.5,9.8,observed_positive,True,False,False,explicit_month_day,Datos ETP In situ.xlsx,Banana,64.0,
ST03,Banana,2022-05-02,0.5999999999999996,10.3,observed_positive,True,False,False,explicit_month_day,Datos ETP In situ.xlsx,Banana,65.0,
ST03,Banana,2022-05-03,0.5999999999999996,10.9,observed_positive,True,False,False,explicit_month_day,Datos ETP In situ.xlsx,Banana,66.0,
ST03,Banana,2022-05-04,0.5999999999999996,11.5,observed_positive,True,False,False,explicit_month_day,Datos ETP In situ.xlsx,Banana,67.0,
ST03,Banana,2022-05-05,0.4000000000000003,12.1,observed_positive,True,False,False,explicit_month_day,Datos ETP In situ.xlsx,Banana,68.0,
ST03,Banana,2022-05-06,0.4000000000000003,12.5,observed_positive,True,False,False,explicit_month_day,Datos ETP In situ.xlsx,Banana,69.0,
ST03,Banana,2022-05-07,0.4000000000000003,12.9,observed_positive,True,False,False,explicit_month_day,Datos ETP In situ.xlsx,Banana,70.0,
ST03,Banana,2022-05-08,0.3999999999999986,13.3,observed_positive,True,False,False,explicit_month_day,Datos ETP In situ.xlsx,Banana,71.0,
ST03,Banana,2022-05-09,0.4000000000000003,13.7,observed_positive,True,False,False,explicit_month_day,Datos ETP In situ.xlsx,Banana,72.0,
ST03,Banana,2022-05-10,0.3000000000000007,14.1,observed_positive,True,False,False,explicit_month_day,Datos ETP In situ.xlsx,Banana,73.0,
ST03,Banana,2022-05-11,0.2999999999999989,14.4,observed_positive,True,False,False,explicit_month_day,Datos ETP In situ.xlsx,Banana,74.0,E75-E74
ST03,Banana,2022-05-12,0.5,14.7,observed_positive,True,False,False,explicit_month_day,Datos ETP In situ.xlsx,Banana,75.0,E76-E75
ST03,Banana,2022-05-13,0.3,15.2,observed_positive,True,False,False,explicit_month_day,Datos ETP In situ.xlsx,Banana,76.0,E77-I76
ST03,Banana,2022-05-14,0.3999999999999999,0.3,observed_positive,True,False,False,explicit_month_day,Datos ETP In situ.xlsx,Banana,77.0,E78-E77
ST03,Banana,2022-05-15,0.3,0.7,observed_positive,True,False,False,explicit_month_day,Datos ETP In situ.xlsx,Banana,78.0,E79-E78
ST03,Banana,2022-05-16,0.3,1.0,observed_positive,True,False,False,explicit_month_day,Datos ETP In situ.xlsx,Banana,79.0,
ST03,Banana,2022-05-17,0.3,1.3,observed_positive,True,False,False,explicit_month_day,Datos ETP In situ.xlsx,Banana,80.0,
ST03,Banana,2022-05-18,0.2999999999999998,1.6,observed_positive,True,False,False,explicit_month_day,Datos ETP In situ.xlsx,Banana,81.0,
ST03,Banana,2022-05-19,0.3999999999999999,1.9,observed_positive,True,False,False,explicit_month_day,Datos ETP In situ.xlsx,Banana,82.0,
ST03,Banana,2022-05-20,0.4000000000000003,2.3,observed_positive,True,False,False,explicit_month_day,Datos ETP In situ.xlsx,Banana,83.0,
ST03,Banana,2022-05-21,0.2999999999999998,2.7,observed_positive,True,False,False,explicit_month_day,Datos ETP In situ.xlsx,Banana,84.0,
ST03,Banana,2022-05-22,0.6000000000000001,3.0,observed_positive,True,False,False,explicit_month_day,Datos ETP In situ.xlsx,Banana,85.0,
ST03,Banana,2022-05-23,0.6000000000000001,3.6,observed_positive,True,False,False,explicit_month_day,Datos ETP In situ.xlsx,Banana,86.0,
ST03,Banana,2022-05-24,0.5999999999999996,4.2,observed_positive,True,False,False,explicit_month_day,Datos ETP In situ.xlsx,Banana,87.0,
ST03,Banana,2022-05-25,0.4000000000000003,4.8,observed_positive,True,False,False,explicit_month_day,Datos ETP In situ.xlsx,Banana,88.0,
ST03,Banana,2022-05-26,0.3999999999999994,5.2,observed_positive,True,False,False,explicit_month_day,Datos ETP In situ.xlsx,Banana,89.0,
ST03,Banana,2022-05-27,0.5,5.6,observed_positive,True,False,False,explicit_month_day,Datos ETP In situ.xlsx,Banana,90.0,
ST03,Banana,2022-05-28,0.7000000000000002,6.1,observed_positive,True,False,False,explicit_month_day,Datos ETP In situ.xlsx,Banana,91.0,
ST03,Banana,2022-05-29,0.5,6.8,observed_positive,True,False,False,explicit_month_day,Datos ETP In situ.xlsx,Banana,92.0,
ST03,Banana,2022-05-30,0.5,7.3,observed_positive,True,False,False,explicit_month_day,Datos ETP In situ.xlsx,Banana,93.0,
ST03,Banana,2022-05-31,0.6000000000000005,7.8,observed_positive,True,False,False,explicit_month_day,Datos ETP In situ.xlsx,Banana,94.0,
ST03,Banana,2022-06-01,0.5999999999999996,8.4,observed_positive,True,False,False,explicit_month_day,Datos ETP In situ.xlsx,Banana,95.0,
ST03,Banana,2022-06-02,0.4000000000000003,9.0,observed_positive,True,False,False,explicit_month_day,Datos ETP In situ.xlsx,Banana,96.0,
ST03,Banana,2022-06-03,0.2999999999999989,9.4,observed_positive,True,False,False,explicit_month_day,Datos ETP In situ.xlsx,Banana,97.0,
ST03,Banana,2022-06-04,0.3000000000000007,9.7,observed_positive,True,False,False,explicit_month_day,Datos ETP In situ.xlsx,Banana,98.0,
ST03,Banana,2022-06-05,0.4000000000000003,10.0,observed_positive,True,False,False,explicit_month_day,Datos ETP In situ.xlsx,Banana,99.0,
ST03,Banana,2022-06-06,0.4000000000000003,10.4,observed_positive,True,False,False,explicit_month_day,Datos ETP In situ.xlsx,Banana,100.0,
ST03,Banana,2022-06-07,0.1999999999999993,10.8,observed_positive,True,False,False,explicit_month_day,Datos ETP In situ.xlsx,Banana,101.0,
ST03,Banana,2022-06-08,0.5999999999999996,11.0,observed_positive,True,False,False,explicit_month_day,Datos ETP In situ.xlsx,Banana,102.0,
ST03,Banana,2022-06-09,0.4000000000000003,11.6,observed_positive,True,False,False,explicit_month_day,Datos ETP In situ.xlsx,Banana,103.0,
ST03,Banana,2022-06-10,0.5,12.0,observed_positive,True,False,False,explicit_month_day,Datos ETP In situ.xlsx,Banana,104.0,E105-E104
ST03,Banana,2022-06-11,0.1999999999999993,12.5,observed_positive,True,False,False,explicit_month_day,Datos ETP In situ.xlsx,Banana,105.0,E106-E105
ST03,Banana,2022-06-12,0.3000000000000007,12.7,observed_positive,True,False,False,explicit_month_day,Datos ETP In situ.xlsx,Banana,106.0,
ST03,Banana,2022-06-13,0.5999999999999996,13.0,observed_positive,True,False,False,explicit_month_day,Datos ETP In situ.xlsx,Banana,107.0,
ST03,Banana,2022-06-14,0.5,13.6,observed_positive,True,False,False,explicit_month_day,Datos ETP In situ.xlsx,Banana,108.0,
ST03,Banana,2022-06-15,0.4000000000000003,14.1,observed_positive,True,False,False,explicit_month_day,Datos ETP In situ.xlsx,Banana,109.0,
ST03,Banana,2022-06-16,0.5,14.5,observed_positive,True,False,False,explicit_month_day,Datos ETP In situ.xlsx,Banana,110.0,
ST03,Banana,2022-06-17,0.5,15.0,observed_positive,True,False,False,explicit_month_day,Datos ETP In situ.xlsx,Banana,111.0,
ST03,Banana,2022-06-18,0.2,15.5,observed_positive,True,False,False,explicit_month_day,Datos ETP In situ.xlsx,Banana,112.0,E113-I112
ST03,Banana,2022-06-19,0.3,0.2,observed_positive,True,False,False,explicit_month_day,Datos ETP In situ.xlsx,Banana,113.0,
ST03,Banana,2022-06-20,0.5,0.5,observed_positive,True,False,False,explicit_month_day,Datos ETP In situ.xlsx,Banana,114.0,
ST03,Banana,2022-06-21,0.5,1.0,observed_positive,True,False,False,explicit_month_day,Datos ETP In situ.xlsx,Banana,115.0,
ST03,Banana,2022-06-22,0.3999999999999999,1.5,observed_positive,True,False,False,explicit_month_day,Datos ETP In situ.xlsx,Banana,116.0,
ST03,Banana,2022-06-23,0.6000000000000001,1.9,observed_positive,True,False,False,explicit_month_day,Datos ETP In situ.xlsx,Banana,117.0,
ST03,Banana,2022-06-24,0.3999999999999999,2.5,observed_positive,True,False,False,explicit_month_day,Datos ETP In situ.xlsx,Banana,118.0,
ST03,Banana,2022-06-25,0.5,2.9,observed_positive,True,False,False,explicit_month_day,Datos ETP In situ.xlsx,Banana,119.0,
ST03,Banana,2022-06-26,0.3000000000000002,3.4,observed_positive,True,False,False,explicit_month_day,Datos ETP In situ.xlsx,Banana,120.0,
ST03,Banana,2022-06-27,0.1999999999999997,3.7,observed_positive,True,False,False,explicit_month_day,Datos ETP In situ.xlsx,Banana,121.0,
ST03,Banana,2022-06-28,0.3000000000000002,3.9,observed_positive,True,False,False,explicit_month_day,Datos ETP In situ.xlsx,Banana,122.0,
ST03,Banana,2022-06-29,0.3999999999999994,4.2,observed_positive,True,False,False,explicit_month_day,Datos ETP In situ.xlsx,Banana,123.0,
ST03,Banana,2022-06-30,0.4000000000000003,4.6,observed_positive,True,False,False,explicit_month_day,Datos ETP In situ.xlsx,Banana,124.0,
ST03,Banana,2022-07-01,0.4000000000000003,5.0,observed_positive,True,False,False,inferred_sequential,Datos ETP In situ.xlsx,Banana,125.0,
ST04,Mangrove,2022-03-01,0.0,0.0,zero,False,True,False,explicit_month_day,Datos ETP In situ.xlsx,Mangrove,3.0,
ST04,Mangrove,2022-03-02,0.0,0.0,zero,False,True,False,explicit_month_day,Datos ETP In situ.xlsx,Mangrove,4.0,
ST04,Mangrove,2022-03-03,0.0,0.0,zero,False,True,False,explicit_month_day,Datos ETP In situ.xlsx,Mangrove,5.0,
ST04,Mangrove,2022-03-04,0.0,0.0,zero,False,True,False,explicit_month_day,Datos ETP In situ.xlsx,Mangrove,6.0,
ST04,Mangrove,2022-03-05,0.0,0.0,zero,False,True,False,explicit_month_day,Datos ETP In situ.xlsx,Mangrove,7.0,
ST04,Mangrove,2022-03-06,0.0,0.0,zero,False,True,False,explicit_month_day,Datos ETP In situ.xlsx,Mangrove,8.0,
ST04,Mangrove,2022-03-07,0.0,0.0,zero,False,True,False,explicit_month_day,Datos ETP In situ.xlsx,Mangrove,9.0,
ST04,Mangrove,2022-03-08,0.0,0.0,zero,False,True,False,explicit_month_day,Datos ETP In situ.xlsx,Mangrove,10.0,
ST04,Mangrove,2022-03-09,0.0,0.0,zero,False,True,False,explicit_month_day,Datos ETP In situ.xlsx,Mangrove,11.0,
ST04,Mangrove,2022-03-10,0.0,0.0,zero,False,True,False,explicit_month_day,Datos ETP In situ.xlsx,Mangrove,12.0,
ST04,Mangrove,2022-03-11,0.0,0.0,zero,False,True,False,explicit_month_day,Datos ETP In situ.xlsx,Mangrove,13.0,
ST04,Mangrove,2022-03-12,0.0,0.0,zero,False,True,False,explicit_month_day,Datos ETP In situ.xlsx,Mangrove,14.0,
ST04,Mangrove,2022-03-13,0.0,0.0,zero,False,True,False,explicit_month_day,Datos ETP In situ.xlsx,Mangrove,15.0,
ST04,Mangrove,2022-03-14,0.0,0.0,zero,False,True,False,explicit_month_day,Datos ETP In situ.xlsx,Mangrove,16.0,
ST04,Mangrove,2022-03-15,0.0,0.0,zero,False,True,False,explicit_month_day,Datos ETP In situ.xlsx,Mangrove,17.0,
ST04,Mangrove,2022-03-16,0.0,0.0,zero,False,True,False,explicit_month_day,Datos ETP In situ.xlsx,Mangrove,18.0,
ST04,Mangrove,2022-03-17,0.3,0.3,observed_positive,True,False,False,explicit_month_day,Datos ETP In situ.xlsx,Mangrove,19.0,E20-E19
ST04,Mangrove,2022-03-18,0.3,0.6,observed_positive,True,False,False,explicit_month_day,Datos ETP In situ.xlsx,Mangrove,20.0,
ST04,Mangrove,2022-03-19,0.2,0.9,observed_positive,True,False,False,explicit_month_day,Datos ETP In situ.xlsx,Mangrove,21.0,
ST04,Mangrove,2022-03-20,0.2999999999999998,1.1,observed_positive,True,False,False,explicit_month_day,Datos ETP In situ.xlsx,Mangrove,22.0,
ST04,Mangrove,2022-03-21,0.5,1.4,observed_positive,True,False,False,explicit_month_day,Datos ETP In situ.xlsx,Mangrove,23.0,E24-E23
ST04,Mangrove,2022-03-22,0.3000000000000002,1.9,observed_positive,True,False,False,explicit_month_day,Datos ETP In situ.xlsx,Mangrove,24.0,
ST04,Mangrove,2022-03-23,0.5,2.2,observed_positive,True,False,False,explicit_month_day,Datos ETP In situ.xlsx,Mangrove,25.0,
ST04,Mangrove,2022-03-24,0.3999999999999999,2.7,observed_positive,True,False,False,explicit_month_day,Datos ETP In situ.xlsx,Mangrove,26.0,
ST04,Mangrove,2022-03-25,0.3999999999999999,3.1,observed_positive,True,False,False,explicit_month_day,Datos ETP In situ.xlsx,Mangrove,27.0,
ST04,Mangrove,2022-03-26,0.2999999999999998,3.5,observed_positive,True,False,False,explicit_month_day,Datos ETP In situ.xlsx,Mangrove,28.0,
ST04,Mangrove,2022-03-27,0.4000000000000003,3.8,observed_positive,True,False,False,explicit_month_day,Datos ETP In situ.xlsx,Mangrove,29.0,
ST04,Mangrove,2022-03-28,0.2999999999999998,4.2,observed_positive,True,False,False,explicit_month_day,Datos ETP In situ.xlsx,Mangrove,30.0,
ST04,Mangrove,2022-03-29,0.2000000000000001,4.5,observed_positive,True,False,False,explicit_month_day,Datos ETP In situ.xlsx,Mangrove,31.0,
ST04,Mangrove,2022-03-30,0.5,4.7,observed_positive,True,False,False,explicit_month_day,Datos ETP In situ.xlsx,Mangrove,32.0,
ST04,Mangrove,2022-03-31,0.2000000000000001,5.2,observed_positive,True,False,False,explicit_month_day,Datos ETP In situ.xlsx,Mangrove,33.0,E34-E33
ST04,Mangrove,2022-04-01,0.0999999999999996,5.4,observed_positive,True,False,False,explicit_month_day,Datos ETP In situ.xlsx,Mangrove,34.0,
ST04,Mangrove,2022-04-02,0.5999999999999996,5.5,observed_positive,True,False,False,explicit_month_day,Datos ETP In situ.xlsx,Mangrove,35.0,
ST04,Mangrove,2022-04-03,0.2000000000000001,6.1,observed_positive,True,False,False,explicit_month_day,Datos ETP In situ.xlsx,Mangrove,36.0,
ST04,Mangrove,2022-04-04,0.4000000000000003,6.3,observed_positive,True,False,False,explicit_month_day,Datos ETP In situ.xlsx,Mangrove,37.0,
ST04,Mangrove,2022-04-05,0.7000000000000002,6.7,observed_positive,True,False,False,explicit_month_day,Datos ETP In situ.xlsx,Mangrove,38.0,
ST04,Mangrove,2022-04-06,0.0999999999999996,7.4,observed_positive,True,False,False,explicit_month_day,Datos ETP In situ.xlsx,Mangrove,39.0,
ST04,Mangrove,2022-04-07,0.5999999999999996,7.5,observed_positive,True,False,False,explicit_month_day,Datos ETP In situ.xlsx,Mangrove,40.0,
ST04,Mangrove,2022-04-08,0.200000000000001,8.1,observed_positive,True,False,False,explicit_month_day,Datos ETP In situ.xlsx,Mangrove,41.0,
ST04,Mangrove,2022-04-09,0.0999999999999996,8.3,observed_positive,True,False,False,explicit_month_day,Datos ETP In situ.xlsx,Mangrove,42.0,
ST04,Mangrove,2022-04-10,0.9000000000000004,8.4,observed_positive,True,False,False,explicit_month_day,Datos ETP In situ.xlsx,Mangrove,43.0,
ST04,Mangrove,2022-04-11,0.1999999999999993,9.3,observed_positive,True,False,False,explicit_month_day,Datos ETP In situ.xlsx,Mangrove,44.0,
ST04,Mangrove,2022-04-12,0.5,9.5,observed_positive,True,False,False,explicit_month_day,Datos ETP In situ.xlsx,Mangrove,45.0,
ST04,Mangrove,2022-04-13,0.4000000000000003,10.0,observed_positive,True,False,False,explicit_month_day,Datos ETP In situ.xlsx,Mangrove,46.0,
ST04,Mangrove,2022-04-14,0.2999999999999989,10.4,observed_positive,True,False,False,explicit_month_day,Datos ETP In situ.xlsx,Mangrove,47.0,
ST04,Mangrove,2022-04-15,0.5,10.7,observed_positive,True,False,False,explicit_month_day,Datos ETP In situ.xlsx,Mangrove,48.0,
ST04,Mangrove,2022-04-16,0.4000000000000003,11.2,observed_positive,True,False,False,explicit_month_day,Datos ETP In situ.xlsx,Mangrove,49.0,
ST04,Mangrove,2022-04-17,0.3000000000000007,11.6,observed_positive,True,False,False,explicit_month_day,Datos ETP In situ.xlsx,Mangrove,50.0,
ST04,Mangrove,2022-04-18,0.1999999999999993,11.9,observed_positive,True,False,False,explicit_month_day,Datos ETP In situ.xlsx,Mangrove,51.0,
ST04,Mangrove,2022-04-19,0.0999999999999996,12.1,observed_positive,True,False,False,explicit_month_day,Datos ETP In situ.xlsx,Mangrove,52.0,
ST04,Mangrove,2022-04-20,0.200000000000001,12.2,observed_positive,True,False,False,explicit_month_day,Datos ETP In situ.xlsx,Mangrove,53.0,
ST04,Mangrove,2022-04-21,0.1999999999999993,12.4,observed_positive,True,False,False,explicit_month_day,Datos ETP In situ.xlsx,Mangrove,54.0,
ST04,Mangrove,2022-04-22,0.3000000000000007,12.6,observed_positive,True,False,False,explicit_month_day,Datos ETP In situ.xlsx,Mangrove,55.0,
ST04,Mangrove,2022-04-23,0.2999999999999989,12.9,observed_positive,True,False,False,explicit_month_day,Datos ETP In situ.xlsx,Mangrove,56.0,
ST04,Mangrove,2022-04-24,0.200000000000001,13.2,observed_positive,True,False,False,explicit_month_day,Datos ETP In situ.xlsx,Mangrove,57.0,
ST04,Mangrove,2022-04-25,0.2999999999999989,13.4,observed_positive,True,False,False,explicit_month_day,Datos ETP In situ.xlsx,Mangrove,58.0,
ST04,Mangrove,2022-04-26,0.4000000000000003,13.7,observed_positive,True,False,False,explicit_month_day,Datos ETP In situ.xlsx,Mangrove,59.0,
ST04,Mangrove,2022-04-27,0.0999999999999996,14.1,observed_positive,True,False,False,explicit_month_day,Datos ETP In situ.xlsx,Mangrove,60.0,
ST04,Mangrove,2022-04-28,0.3000000000000007,14.2,observed_positive,True,False,False,explicit_month_day,Datos ETP In situ.xlsx,Mangrove,61.0,
ST04,Mangrove,2022-04-29,0.1999999999999993,14.5,observed_positive,True,False,False,explicit_month_day,Datos ETP In situ.xlsx,Mangrove,62.0,
ST04,Mangrove,2022-04-30,0.200000000000001,14.7,observed_positive,True,False,False,explicit_month_day,Datos ETP In situ.xlsx,Mangrove,63.0,E64-E63
ST04,Mangrove,2022-05-01,0.6999999999999993,14.9,observed_positive,True,False,False,explicit_month_day,Datos ETP In situ.xlsx,Mangrove,64.0,
ST04,Mangrove,2022-05-02,0.3000000000000007,15.6,observed_positive,True,False,False,explicit_month_day,Datos ETP In situ.xlsx,Mangrove,65.0,
ST04,Mangrove,2022-05-03,0.0999999999999996,15.9,observed_positive,True,False,False,explicit_month_day,Datos ETP In situ.xlsx,Mangrove,66.0,
ST04,Mangrove,2022-05-04,0.1999999999999993,16.0,observed_positive,True,False,False,explicit_month_day,Datos ETP In situ.xlsx,Mangrove,67.0,
ST04,Mangrove,2022-05-05,0.3000000000000007,16.2,observed_positive,True,False,False,explicit_month_day,Datos ETP In situ.xlsx,Mangrove,68.0,
ST04,Mangrove,2022-05-06,0.1999999999999993,16.5,observed_positive,True,False,False,explicit_month_day,Datos ETP In situ.xlsx,Mangrove,69.0,
ST04,Mangrove,2022-05-07,0.6999999999999993,16.7,observed_positive,True,False,False,explicit_month_day,Datos ETP In situ.xlsx,Mangrove,70.0,
ST04,Mangrove,2022-05-08,0.6999999999999993,17.4,observed_positive,True,False,False,explicit_month_day,Datos ETP In situ.xlsx,Mangrove,71.0,E71-E70
ST04,Mangrove,2022-05-09,0.1000000000000014,17.5,observed_positive,True,False,False,explicit_month_day,Datos ETP In situ.xlsx,Mangrove,72.0,
ST04,Mangrove,2022-05-10,0.3999999999999986,17.9,observed_positive,True,False,False,explicit_month_day,Datos ETP In situ.xlsx,Mangrove,73.0,
ST04,Mangrove,2022-05-11,0.1000000000000014,18.0,observed_positive,True,False,False,explicit_month_day,Datos ETP In situ.xlsx,Mangrove,74.0,
ST04,Mangrove,2022-05-12,0.1999999999999993,18.2,observed_positive,True,False,False,explicit_month_day,Datos ETP In situ.xlsx,Mangrove,75.0,
ST04,Mangrove,2022-05-13,0.1000000000000014,18.3,observed_positive,True,False,False,explicit_month_day,Datos ETP In situ.xlsx,Mangrove,76.0,
ST04,Mangrove,2022-05-14,0.1999999999999993,18.5,observed_positive,True,False,False,explicit_month_day,Datos ETP In situ.xlsx,Mangrove,77.0,
ST04,Mangrove,2022-05-15,0.5,18.8,observed_positive,True,False,False,explicit_month_day,Datos ETP In situ.xlsx,Mangrove,78.0,E79-E78
ST04,Mangrove,2022-05-16,0.1,19.3,observed_positive,True,False,False,explicit_month_day,Datos ETP In situ.xlsx,Mangrove,79.0,E80-I79
ST04,Mangrove,2022-05-17,0.1999999999999999,0.1,observed_positive,True,False,False,explicit_month_day,Datos ETP In situ.xlsx,Mangrove,80.0,E81-E80
ST04,Mangrove,2022-05-18,0.2,0.3,observed_positive,True,False,False,explicit_month_day,Datos ETP In situ.xlsx,Mangrove,81.0,E82-E81
ST04,Mangrove,2022-05-19,0.1999999999999999,0.5,observed_positive,True,False,False,explicit_month_day,Datos ETP In situ.xlsx,Mangrove,82.0,E83-E82
ST04,Mangrove,2022-05-20,0.2,0.7,observed_positive,True,False,False,explicit_month_day,Datos ETP In situ.xlsx,Mangrove,83.0,
ST04,Mangrove,2022-05-21,0.4,0.9,observed_positive,True,False,False,explicit_month_day,Datos ETP In situ.xlsx,Mangrove,84.0,
ST04,Mangrove,2022-05-22,0.3,1.3,observed_positive,True,False,False,explicit_month_day,Datos ETP In situ.xlsx,Mangrove,85.0,
ST04,Mangrove,2022-05-23,0.2999999999999998,1.6,observed_positive,True,False,False,explicit_month_day,Datos ETP In situ.xlsx,Mangrove,86.0,
ST04,Mangrove,2022-05-24,0.2000000000000001,1.9,observed_positive,True,False,False,explicit_month_day,Datos ETP In situ.xlsx,Mangrove,87.0,
ST04,Mangrove,2022-05-25,0.2999999999999998,2.1,observed_positive,True,False,False,explicit_month_day,Datos ETP In situ.xlsx,Mangrove,88.0,
ST04,Mangrove,2022-05-26,0.3000000000000002,2.4,observed_positive,True,False,False,explicit_month_day,Datos ETP In situ.xlsx,Mangrove,89.0,
ST04,Mangrove,2022-05-27,0.5,2.7,observed_positive,True,False,False,explicit_month_day,Datos ETP In situ.xlsx,Mangrove,90.0,
ST04,Mangrove,2022-05-28,0.3999999999999999,3.2,observed_positive,True,False,False,explicit_month_day,Datos ETP In situ.xlsx,Mangrove,91.0,E92-E91
ST04,Mangrove,2022-05-29,0.6999999999999997,3.6,observed_positive,True,False,False,explicit_month_day,Datos ETP In situ.xlsx,Mangrove,92.0,
ST04,Mangrove,2022-05-30,0.2000000000000001,4.3,observed_positive,True,False,False,explicit_month_day,Datos ETP In situ.xlsx,Mangrove,93.0,
ST04,Mangrove,2022-05-31,0.2999999999999998,4.5,observed_positive,True,False,False,explicit_month_day,Datos ETP In situ.xlsx,Mangrove,94.0,E95-E94
ST04,Mangrove,2022-06-01,0.6000000000000005,4.8,observed_positive,True,False,False,explicit_month_day,Datos ETP In situ.xlsx,Mangrove,95.0,E96-E95
ST04,Mangrove,2022-06-02,0.6999999999999993,5.4,observed_positive,True,False,False,explicit_month_day,Datos ETP In situ.xlsx,Mangrove,96.0,
ST04,Mangrove,2022-06-03,0.1000000000000005,6.1,observed_positive,True,False,False,explicit_month_day,Datos ETP In situ.xlsx,Mangrove,97.0,
ST04,Mangrove,2022-06-04,0.2000000000000001,6.2,observed_positive,True,False,False,explicit_month_day,Datos ETP In situ.xlsx,Mangrove,98.0,
ST04,Mangrove,2022-06-05,0.1999999999999993,6.4,observed_positive,True,False,False,explicit_month_day,Datos ETP In situ.xlsx,Mangrove,99.0,
ST04,Mangrove,2022-06-06,0.1000000000000005,6.6,observed_positive,True,False,False,explicit_month_day,Datos ETP In situ.xlsx,Mangrove,100.0,
ST04,Mangrove,2022-06-07,0.0999999999999996,6.7,observed_positive,True,False,False,explicit_month_day,Datos ETP In situ.xlsx,Mangrove,101.0,
ST04,Mangrove,2022-06-08,0.1000000000000005,6.8,observed_positive,True,False,False,explicit_month_day,Datos ETP In situ.xlsx,Mangrove,102.0,
ST04,Mangrove,2022-06-09,0.0999999999999996,6.9,observed_positive,True,False,False,explicit_month_day,Datos ETP In situ.xlsx,Mangrove,103.0,
ST04,Mangrove,2022-06-10,0.2000000000000001,7.0,observed_positive,True,False,False,explicit_month_day,Datos ETP In situ.xlsx,Mangrove,104.0,
ST04,Mangrove,2022-06-11,0.2999999999999998,7.2,observed_positive,True,False,False,explicit_month_day,Datos ETP In situ.xlsx,Mangrove,105.0,
ST04,Mangrove,2022-06-12,0.2000000000000001,7.5,observed_positive,True,False,False,explicit_month_day,Datos ETP In situ.xlsx,Mangrove,106.0,E107-E106
ST04,Mangrove,2022-06-13,0.3999999999999994,7.7,observed_positive,True,False,False,explicit_month_day,Datos ETP In situ.xlsx,Mangrove,107.0,
ST04,Mangrove,2022-06-14,0.200000000000001,8.1,observed_positive,True,False,False,explicit_month_day,Datos ETP In situ.xlsx,Mangrove,108.0,
ST04,Mangrove,2022-06-15,,8.3,missing,True,False,False,explicit_month_day,Datos ETP In situ.xlsx,Mangrove,109.0,
ST04,Mangrove,2022-06-16,,,missing,True,False,False,explicit_month_day,Datos ETP In situ.xlsx,Mangrove,110.0,
ST04,Mangrove,2022-06-17,,,missing,True,False,False,explicit_month_day,Datos ETP In situ.xlsx,Mangrove,111.0,
ST04,Mangrove,2022-06-18,,,missing,True,False,False,explicit_month_day,Datos ETP In situ.xlsx,Mangrove,112.0,
ST04,Mangrove,2022-06-19,,,missing,True,False,False,explicit_month_day,Datos ETP In situ.xlsx,Mangrove,113.0,
ST04,Mangrove,2022-06-20,,,missing,True,False,False,explicit_month_day,Datos ETP In situ.xlsx,Mangrove,114.0,
ST04,Mangrove,2022-06-21,,,missing,True,False,False,explicit_month_day,Datos ETP In situ.xlsx,Mangrove,115.0,
ST04,Mangrove,2022-06-22,,,missing,True,False,False,explicit_month_day,Datos ETP In situ.xlsx,Mangrove,116.0,
ST04,Mangrove,2022-06-23,,,missing,True,False,False,explicit_month_day,Datos ETP In situ.xlsx,Mangrove,117.0,
ST04,Mangrove,2022-06-24,,,missing,True,False,False,explicit_month_day,Datos ETP In situ.xlsx,Mangrove,118.0,
ST04,Mangrove,2022-06-25,,,missing,True,False,False,explicit_month_day,Datos ETP In situ.xlsx,Mangrove,119.0,
ST04,Mangrove,2022-06-26,,,missing,True,False,False,explicit_month_day,Datos ETP In situ.xlsx,Mangrove,120.0,
ST04,Mangrove,2022-06-27,,,missing,True,False,False,explicit_month_day,Datos ETP In situ.xlsx,Mangrove,121.0,
ST04,Mangrove,2022-06-28,,,missing,True,False,False,explicit_month_day,Datos ETP In situ.xlsx,Mangrove,122.0,
ST04,Mangrove,2022-06-29,,,missing,True,False,False,explicit_month_day,Datos ETP In situ.xlsx,Mangrove,123.0,
ST04,Mangrove,2022-06-30,,,missing,True,False,False,explicit_month_day,Datos ETP In situ.xlsx,Mangrove,124.0,
ST04,Mangrove,2022-07-01,,,missing,True,False,False,calendar_no_source_row,,,,
ST05,Dry forest,2022-03-01,0.0,0.0,zero,False,True,False,explicit_month_day,Datos ETP In situ.xlsx,Fragmento de bosque,3.0,
ST05,Dry forest,2022-03-02,0.0,0.0,zero,False,True,False,explicit_month_day,Datos ETP In situ.xlsx,Fragmento de bosque,4.0,
ST05,Dry forest,2022-03-03,0.0,0.0,zero,False,True,False,explicit_month_day,Datos ETP In situ.xlsx,Fragmento de bosque,5.0,
ST05,Dry forest,2022-03-04,0.0,0.0,zero,False,True,False,explicit_month_day,Datos ETP In situ.xlsx,Fragmento de bosque,6.0,
ST05,Dry forest,2022-03-05,0.0,0.0,zero,False,True,False,explicit_month_day,Datos ETP In situ.xlsx,Fragmento de bosque,7.0,
ST05,Dry forest,2022-03-06,0.0,0.0,zero,False,True,False,explicit_month_day,Datos ETP In situ.xlsx,Fragmento de bosque,8.0,
ST05,Dry forest,2022-03-07,0.0,0.0,zero,False,True,False,explicit_month_day,Datos ETP In situ.xlsx,Fragmento de bosque,9.0,
ST05,Dry forest,2022-03-08,0.0,0.0,zero,False,True,False,explicit_month_day,Datos ETP In situ.xlsx,Fragmento de bosque,10.0,
ST05,Dry forest,2022-03-09,0.2,0.0,observed_positive,False,True,False,explicit_month_day,Datos ETP In situ.xlsx,Fragmento de bosque,11.0,E12-E11
ST05,Dry forest,2022-03-10,0.2,0.2,observed_positive,True,False,False,explicit_month_day,Datos ETP In situ.xlsx,Fragmento de bosque,12.0,
ST05,Dry forest,2022-03-11,0.4,0.4,observed_positive,True,False,False,explicit_month_day,Datos ETP In situ.xlsx,Fragmento de bosque,13.0,
ST05,Dry forest,2022-03-12,0.5999999999999999,0.8,observed_positive,True,False,False,explicit_month_day,Datos ETP In situ.xlsx,Fragmento de bosque,14.0,
ST05,Dry forest,2022-03-13,0.4000000000000001,1.4,observed_positive,True,False,False,explicit_month_day,Datos ETP In situ.xlsx,Fragmento de bosque,15.0,
ST05,Dry forest,2022-03-14,0.4999999999999998,1.8,observed_positive,True,False,False,explicit_month_day,Datos ETP In situ.xlsx,Fragmento de bosque,16.0,
ST05,Dry forest,2022-03-15,0.3000000000000002,2.3,observed_positive,True,False,False,explicit_month_day,Datos ETP In situ.xlsx,Fragmento de bosque,17.0,
ST05,Dry forest,2022-03-16,0.6999999999999997,2.6,observed_positive,True,False,False,explicit_month_day,Datos ETP In situ.xlsx,Fragmento de bosque,18.0,E19-E18
ST05,Dry forest,2022-03-17,0.4000000000000003,3.3,observed_positive,True,False,False,explicit_month_day,Datos ETP In situ.xlsx,Fragmento de bosque,19.0,
ST05,Dry forest,2022-03-18,0.5,3.7,observed_positive,True,False,False,explicit_month_day,Datos ETP In situ.xlsx,Fragmento de bosque,20.0,
ST05,Dry forest,2022-03-19,0.5,4.2,observed_positive,True,False,False,explicit_month_day,Datos ETP In situ.xlsx,Fragmento de bosque,21.0,
ST05,Dry forest,2022-03-20,0.3999999999999994,4.7,observed_positive,True,False,False,explicit_month_day,Datos ETP In situ.xlsx,Fragmento de bosque,22.0,
ST05,Dry forest,2022-03-21,0.5,5.1,observed_positive,True,False,False,explicit_month_day,Datos ETP In situ.xlsx,Fragmento de bosque,23.0,
ST05,Dry forest,2022-03-22,0.7000000000000002,5.6,observed_positive,True,False,False,explicit_month_day,Datos ETP In situ.xlsx,Fragmento de bosque,24.0,
ST05,Dry forest,2022-03-23,1.1000000000000003,6.3,observed_positive,True,False,False,explicit_month_day,Datos ETP In situ.xlsx,Fragmento de bosque,25.0,
ST05,Dry forest,2022-03-24,0.7999999999999989,7.4,observed_positive,True,False,False,explicit_month_day,Datos ETP In situ.xlsx,Fragmento de bosque,26.0,
ST05,Dry forest,2022-03-25,0.4000000000000003,8.2,observed_positive,True,False,False,explicit_month_day,Datos ETP In situ.xlsx,Fragmento de bosque,27.0,
ST05,Dry forest,2022-03-26,0.5,8.6,observed_positive,True,False,False,explicit_month_day,Datos ETP In situ.xlsx,Fragmento de bosque,28.0,
ST05,Dry forest,2022-03-27,0.3000000000000007,9.1,observed_positive,True,False,False,explicit_month_day,Datos ETP In situ.xlsx,Fragmento de bosque,29.0,
ST05,Dry forest,2022-03-28,0.4000000000000003,9.4,observed_positive,True,False,False,explicit_month_day,Datos ETP In situ.xlsx,Fragmento de bosque,30.0,
ST05,Dry forest,2022-03-29,0.5,9.8,observed_positive,True,False,False,explicit_month_day,Datos ETP In situ.xlsx,Fragmento de bosque,31.0,
ST05,Dry forest,2022-03-30,0.5,10.3,observed_positive,True,False,False,explicit_month_day,Datos ETP In situ.xlsx,Fragmento de bosque,32.0,
ST05,Dry forest,2022-03-31,0.0999999999999996,10.8,observed_positive,True,False,False,explicit_month_day,Datos ETP In situ.xlsx,Fragmento de bosque,33.0,E34-E33
ST05,Dry forest,2022-04-01,0.0999999999999996,10.9,observed_positive,True,False,False,explicit_month_day,Datos ETP In situ.xlsx,Fragmento de bosque,34.0,
ST05,Dry forest,2022-04-02,0.9000000000000004,11.0,observed_positive,True,False,False,explicit_month_day,Datos ETP In situ.xlsx,Fragmento de bosque,35.0,
ST05,Dry forest,2022-04-03,0.5,11.9,observed_positive,True,False,False,explicit_month_day,Datos ETP In situ.xlsx,Fragmento de bosque,36.0,
ST05,Dry forest,2022-04-04,0.2999999999999989,12.4,observed_positive,True,False,False,explicit_month_day,Datos ETP In situ.xlsx,Fragmento de bosque,37.0,
ST05,Dry forest,2022-04-05,0.200000000000001,12.7,observed_positive,True,False,False,explicit_month_day,Datos ETP In situ.xlsx,Fragmento de bosque,38.0,
ST05,Dry forest,2022-04-06,0.5,12.9,observed_positive,True,False,False,explicit_month_day,Datos ETP In situ.xlsx,Fragmento de bosque,39.0,
ST05,Dry forest,2022-04-07,0.4000000000000003,13.4,observed_positive,True,False,False,explicit_month_day,Datos ETP In situ.xlsx,Fragmento de bosque,40.0,
ST05,Dry forest,2022-04-08,0.3999999999999986,13.8,observed_positive,True,False,False,explicit_month_day,Datos ETP In situ.xlsx,Fragmento de bosque,41.0,
ST05,Dry forest,2022-04-09,0.4000000000000003,14.2,observed_positive,True,False,False,explicit_month_day,Datos ETP In situ.xlsx,Fragmento de bosque,42.0,E43-E42
ST05,Dry forest,2022-04-10,0.5999999999999996,14.6,observed_positive,True,False,False,explicit_month_day,Datos ETP In situ.xlsx,Fragmento de bosque,43.0,E44-E43
ST05,Dry forest,2022-04-11,0.5,15.2,observed_positive,True,False,False,explicit_month_day,Datos ETP In situ.xlsx,Fragmento de bosque,44.0,E45-E44
ST05,Dry forest,2022-04-12,0.4000000000000021,15.7,observed_positive,True,False,False,explicit_month_day,Datos ETP In situ.xlsx,Fragmento de bosque,45.0,
ST05,Dry forest,2022-04-13,0.3999999999999986,16.1,observed_positive,True,False,False,explicit_month_day,Datos ETP In situ.xlsx,Fragmento de bosque,46.0,
ST05,Dry forest,2022-04-14,0.6999999999999993,16.5,observed_positive,True,False,False,explicit_month_day,Datos ETP In situ.xlsx,Fragmento de bosque,47.0,
ST05,Dry forest,2022-04-15,0.4000000000000021,17.2,observed_positive,True,False,False,explicit_month_day,Datos ETP In situ.xlsx,Fragmento de bosque,48.0,
ST05,Dry forest,2022-04-16,0.5999999999999979,17.6,observed_positive,True,False,False,explicit_month_day,Datos ETP In situ.xlsx,Fragmento de bosque,49.0,
ST05,Dry forest,2022-04-17,0.3000000000000007,18.2,observed_positive,True,False,False,explicit_month_day,Datos ETP In situ.xlsx,Fragmento de bosque,50.0,E51-E50
ST05,Dry forest,2022-04-18,,18.5,missing,True,False,False,explicit_month_day,Datos ETP In situ.xlsx,Fragmento de bosque,51.0,
ST05,Dry forest,2022-04-19,,,missing,True,False,False,explicit_month_day,Datos ETP In situ.xlsx,Fragmento de bosque,52.0,
ST05,Dry forest,2022-04-20,0.0999999999999978,19.3,observed_positive,True,False,False,explicit_month_day,Datos ETP In situ.xlsx,Fragmento de bosque,53.0,E54-E53
ST05,Dry forest,2022-04-21,0.4000000000000021,19.4,observed_positive,True,False,False,explicit_month_day,Datos ETP In situ.xlsx,Fragmento de bosque,54.0,
ST05,Dry forest,2022-04-22,,19.8,missing,True,False,False,explicit_month_day,Datos ETP In situ.xlsx,Fragmento de bosque,55.0,
ST05,Dry forest,2022-04-23,,,missing,True,False,False,explicit_month_day,Datos ETP In situ.xlsx,Fragmento de bosque,56.0,
ST05,Dry forest,2022-04-24,0.1999999999999993,20.3,observed_positive,True,False,False,explicit_month_day,Datos ETP In situ.xlsx,Fragmento de bosque,57.0,E58-E57
ST05,Dry forest,2022-04-25,0.0,20.5,zero,True,False,False,explicit_month_day,Datos ETP In situ.xlsx,Fragmento de bosque,58.0,E59-E58
ST05,Dry forest,2022-04-26,0.6000000000000014,20.5,observed_positive,True,False,False,explicit_month_day,Datos ETP In situ.xlsx,Fragmento de bosque,59.0,
ST05,Dry forest,2022-04-27,0.2999999999999971,21.1,observed_positive,True,False,False,explicit_month_day,Datos ETP In situ.xlsx,Fragmento de bosque,60.0,
ST05,Dry forest,2022-04-28,0.3000000000000007,21.4,observed_positive,True,False,False,explicit_month_day,Datos ETP In situ.xlsx,Fragmento de bosque,61.0,
ST05,Dry forest,2022-04-29,0.5,21.7,observed_positive,True,False,False,explicit_month_day,Datos ETP In situ.xlsx,Fragmento de bosque,62.0,
ST05,Dry forest,2022-04-30,0.0,22.2,zero,True,False,False,explicit_month_day,Datos ETP In situ.xlsx,Fragmento de bosque,63.0,E64-E63
ST05,Dry forest,2022-05-01,0.8000000000000007,22.2,observed_positive,True,False,False,explicit_month_day,Datos ETP In situ.xlsx,Fragmento de bosque,64.0,
ST05,Dry forest,2022-05-02,0.8000000000000007,23.0,observed_positive,True,False,False,explicit_month_day,Datos ETP In situ.xlsx,Fragmento de bosque,65.0,E65-E64
ST05,Dry forest,2022-05-03,0.3000000000000007,23.3,observed_positive,True,False,False,explicit_month_day,Datos ETP In situ.xlsx,Fragmento de bosque,66.0,
ST05,Dry forest,2022-05-04,0.0999999999999978,23.4,observed_positive,True,False,False,explicit_month_day,Datos ETP In situ.xlsx,Fragmento de bosque,67.0,
ST05,Dry forest,2022-05-05,0.5,23.9,observed_positive,True,False,False,explicit_month_day,Datos ETP In situ.xlsx,Fragmento de bosque,68.0,
ST05,Dry forest,2022-05-06,0.2000000000000028,24.1,observed_positive,True,False,False,explicit_month_day,Datos ETP In situ.xlsx,Fragmento de bosque,69.0,
ST05,Dry forest,2022-05-07,0.0,24.1,zero,True,False,False,explicit_month_day,Datos ETP In situ.xlsx,Fragmento de bosque,70.0,
ST05,Dry forest,2022-05-08,0.3999999999999986,24.5,observed_positive,True,False,False,explicit_month_day,Datos ETP In situ.xlsx,Fragmento de bosque,71.0,
ST05,Dry forest,2022-05-09,1.0,25.5,observed_positive,True,False,False,explicit_month_day,Datos ETP In situ.xlsx,Fragmento de bosque,72.0,E72-E71
ST05,Dry forest,2022-05-10,0.2,0.2,observed_positive,True,False,False,explicit_month_day,Datos ETP In situ.xlsx,Fragmento de bosque,73.0,E73-I72
ST05,Dry forest,2022-05-11,0.0999999999999999,0.5,observed_positive,True,False,False,explicit_month_day,Datos ETP In situ.xlsx,Fragmento de bosque,74.0,E75-E74
ST05,Dry forest,2022-05-12,0.2,0.6,observed_positive,True,False,False,explicit_month_day,Datos ETP In situ.xlsx,Fragmento de bosque,75.0,E76-E75
ST05,Dry forest,2022-05-13,0.0,0.8,zero,True,False,False,explicit_month_day,Datos ETP In situ.xlsx,Fragmento de bosque,76.0,E77-E76
ST05,Dry forest,2022-05-14,0.5999999999999999,0.8,observed_positive,True,False,False,explicit_month_day,Datos ETP In situ.xlsx,Fragmento de bosque,77.0,
ST05,Dry forest,2022-05-15,0.1,1.4,observed_positive,True,False,False,explicit_month_day,Datos ETP In situ.xlsx,Fragmento de bosque,78.0,
ST05,Dry forest,2022-05-16,0.1999999999999999,1.5,observed_positive,True,False,False,explicit_month_day,Datos ETP In situ.xlsx,Fragmento de bosque,79.0,
ST05,Dry forest,2022-05-17,0.1,1.7,observed_positive,True,False,False,explicit_month_day,Datos ETP In situ.xlsx,Fragmento de bosque,80.0,
ST05,Dry forest,2022-05-18,0.3,1.8,observed_positive,True,False,False,explicit_month_day,Datos ETP In situ.xlsx,Fragmento de bosque,81.0,
ST05,Dry forest,2022-05-19,0.1999999999999997,2.1,observed_positive,True,False,False,explicit_month_day,Datos ETP In situ.xlsx,Fragmento de bosque,82.0,
ST05,Dry forest,2022-05-20,0.4000000000000003,2.3,observed_positive,True,False,False,explicit_month_day,Datos ETP In situ.xlsx,Fragmento de bosque,83.0,
ST05,Dry forest,2022-05-21,0.5,2.7,observed_positive,True,False,False,explicit_month_day,Datos ETP In situ.xlsx,Fragmento de bosque,84.0,
ST05,Dry forest,2022-05-22,0.2999999999999998,3.2,observed_positive,True,False,False,explicit_month_day,Datos ETP In situ.xlsx,Fragmento de bosque,85.0,
ST05,Dry forest,2022-05-23,0.3999999999999999,3.5,observed_positive,True,False,False,explicit_month_day,Datos ETP In situ.xlsx,Fragmento de bosque,86.0,
ST05,Dry forest,2022-05-24,0.1999999999999997,3.9,observed_positive,True,False,False,explicit_month_day,Datos ETP In situ.xlsx,Fragmento de bosque,87.0,
ST05,Dry forest,2022-05-25,0.2000000000000001,4.1,observed_positive,True,False,False,explicit_month_day,Datos ETP In situ.xlsx,Fragmento de bosque,88.0,
ST05,Dry forest,2022-05-26,0.2999999999999998,4.3,observed_positive,True,False,False,explicit_month_day,Datos ETP In situ.xlsx,Fragmento de bosque,89.0,
ST05,Dry forest,2022-05-27,0.5,4.6,observed_positive,True,False,False,explicit_month_day,Datos ETP In situ.xlsx,Fragmento de bosque,90.0,
ST05,Dry forest,2022-05-28,0.2000000000000001,5.1,observed_positive,True,False,False,explicit_month_day,Datos ETP In situ.xlsx,Fragmento de bosque,91.0,
ST05,Dry forest,2022-05-29,0.7000000000000002,5.3,observed_positive,True,False,False,explicit_month_day,Datos ETP In situ.xlsx,Fragmento de bosque,92.0,
ST05,Dry forest,2022-05-30,0.2999999999999998,6.0,observed_positive,True,False,False,explicit_month_day,Datos ETP In situ.xlsx,Fragmento de bosque,93.0,
ST05,Dry forest,2022-05-31,0.0,6.3,zero,True,False,False,explicit_month_day,Datos ETP In situ.xlsx,Fragmento de bosque,94.0,
ST05,Dry forest,2022-06-01,0.4000000000000003,6.3,observed_positive,True,False,False,explicit_month_day,Datos ETP In situ.xlsx,Fragmento de bosque,95.0,
ST05,Dry forest,2022-06-02,0.0999999999999996,6.7,observed_positive,True,False,False,explicit_month_day,Datos ETP In situ.xlsx,Fragmento de bosque,96.0,
ST05,Dry forest,2022-06-03,0.5,6.8,observed_positive,True,False,False,explicit_month_day,Datos ETP In situ.xlsx,Fragmento de bosque,97.0,
ST05,Dry forest,2022-06-04,0.8999999999999995,7.3,observed_positive,True,False,False,explicit_month_day,Datos ETP In situ.xlsx,Fragmento de bosque,98.0,
ST05,Dry forest,2022-06-05,0.0,8.2,zero,True,False,False,explicit_month_day,Datos ETP In situ.xlsx,Fragmento de bosque,99.0,
ST05,Dry forest,2022-06-06,0.3000000000000007,8.2,observed_positive,True,False,False,explicit_month_day,Datos ETP In situ.xlsx,Fragmento de bosque,100.0,
ST05,Dry forest,2022-06-07,0.0999999999999996,8.5,observed_positive,True,False,False,explicit_month_day,Datos ETP In situ.xlsx,Fragmento de bosque,101.0,
ST05,Dry forest,2022-06-08,0.4000000000000003,8.6,observed_positive,True,False,False,explicit_month_day,Datos ETP In situ.xlsx,Fragmento de bosque,102.0,
ST05,Dry forest,2022-06-09,0.6999999999999993,9.0,observed_positive,True,False,False,explicit_month_day,Datos ETP In situ.xlsx,Fragmento de bosque,103.0,E104-E103
ST05,Dry forest,2022-06-10,0.200000000000001,9.7,observed_positive,True,False,False,explicit_month_day,Datos ETP In situ.xlsx,Fragmento de bosque,104.0,E105-E104
ST05,Dry forest,2022-06-11,0.0999999999999996,9.9,observed_positive,True,False,False,explicit_month_day,Datos ETP In situ.xlsx,Fragmento de bosque,105.0,E106-E105
ST05,Dry forest,2022-06-12,0.0,10.0,zero,True,False,False,explicit_month_day,Datos ETP In situ.xlsx,Fragmento de bosque,106.0,E107-E106
ST05,Dry forest,2022-06-13,0.0,10.0,zero,True,False,False,explicit_month_day,Datos ETP In situ.xlsx,Fragmento de bosque,107.0,
ST05,Dry forest,2022-06-14,0.5,10.0,observed_positive,True,False,False,explicit_month_day,Datos ETP In situ.xlsx,Fragmento de bosque,108.0,
ST05,Dry forest,2022-06-15,0.0,10.5,zero,True,False,False,explicit_month_day,Datos ETP In situ.xlsx,Fragmento de bosque,109.0,
ST05,Dry forest,2022-06-16,0.0,10.5,zero,True,False,False,explicit_month_day,Datos ETP In situ.xlsx,Fragmento de bosque,110.0,
ST05,Dry forest,2022-06-17,0.4000000000000003,10.5,observed_positive,True,False,False,explicit_month_day,Datos ETP In situ.xlsx,Fragmento de bosque,111.0,
ST05,Dry forest,2022-06-18,0.2999999999999989,10.9,observed_positive,True,False,False,explicit_month_day,Datos ETP In situ.xlsx,Fragmento de bosque,112.0,
ST05,Dry forest,2022-06-19,0.200000000000001,11.2,observed_positive,True,False,False,explicit_month_day,Datos ETP In situ.xlsx,Fragmento de bosque,113.0,
ST05,Dry forest,2022-06-20,0.1999999999999993,11.4,observed_positive,True,False,False,explicit_month_day,Datos ETP In situ.xlsx,Fragmento de bosque,114.0,
ST05,Dry forest,2022-06-21,0.0,11.6,zero,True,False,False,explicit_month_day,Datos ETP In situ.xlsx,Fragmento de bosque,115.0,
ST05,Dry forest,2022-06-22,0.3000000000000007,11.6,observed_positive,True,False,False,explicit_month_day,Datos ETP In situ.xlsx,Fragmento de bosque,116.0,
ST05,Dry forest,2022-06-23,0.2999999999999989,11.9,observed_positive,True,False,False,explicit_month_day,Datos ETP In situ.xlsx,Fragmento de bosque,117.0,
ST05,Dry forest,2022-06-24,0.3000000000000007,12.2,observed_positive,True,False,False,explicit_month_day,Datos ETP In situ.xlsx,Fragmento de bosque,118.0,
ST05,Dry forest,2022-06-25,0.3000000000000007,12.5,observed_positive,True,False,False,explicit_month_day,Datos ETP In situ.xlsx,Fragmento de bosque,119.0,
ST05,Dry forest,2022-06-26,0.6999999999999993,12.8,observed_positive,True,False,False,explicit_month_day,Datos ETP In situ.xlsx,Fragmento de bosque,120.0,
ST05,Dry forest,2022-06-27,0.4000000000000003,13.5,observed_positive,True,False,False,explicit_month_day,Datos ETP In situ.xlsx,Fragmento de bosque,121.0,
ST05,Dry forest,2022-06-28,0.2999999999999989,13.9,observed_positive,True,False,False,explicit_month_day,Datos ETP In situ.xlsx,Fragmento de bosque,122.0,
ST05,Dry forest,2022-06-29,0.5,14.2,observed_positive,True,False,False,explicit_month_day,Datos ETP In situ.xlsx,Fragmento de bosque,123.0,
ST05,Dry forest,2022-06-30,0.3000000000000007,14.7,observed_positive,True,False,False,explicit_month_day,Datos ETP In situ.xlsx,Fragmento de bosque,124.0,E125-E124
ST05,Dry forest,2022-07-01,-15.0,15.0,negative,True,False,False,inferred_sequential,Datos ETP In situ.xlsx,Fragmento de bosque,125.0,
